he2254k7f,NStHM1pZ,Aurora,Keilty,female,drabcafard@mail.com
jpy3x8110d571p643m2,geBVW9\T`u7BG9,Samuel,Sage,male,webbedsciullo@yahoo.co.uk
p0rf71kn77d1a4lg3fg,]HN`tO=1?J`nkakexxa`fRQTrEB5l5t@,Frederick,Bejcek,male,chillhugo@me.com
jx3l0puzm75h0m,Alggyg]0KG,Nell,Stebbins,male,unpreachedlicudine@msn.com
m64ka5d,hZR^=g9C4xD<?Fnd[eSne==?b,Alvina,Primes,female,grainedstacy@gmail.com
e8fn2999o6e1j0idl6c,v=`q<zmGLmN6pe2bC2z8IcxW>V,Sallie,Platko,male,plumpchunks@att.net
dej3r8803236ttaqi639v1dm,18_5sC3<OE,Tod,Sokal,male,flawedluigi@mac.com
w2ygs3i27xcl60q1,2H6bJ1jIxc>kYsOeyGbFFfxl,Debrah,Laborin,male,switchlorena@email.com
jn68n0o,C2ND6AVxw3Tu\U`Lw7l[,Tyesha,Klocek,female,sixfoldfaffs@comcast.net
hc7dc359,mDhStYQ9\6ql8n8[OR^tbRSl,Debbra,Kassam,female,burredroberta@gmx.com
o23y5p7qt9om123yt,UdLtQtJM\yaA\3beGyb6C5Q@ey?,Moshe,Overbaugh,male,shrunkroberto@hotmail.com
uvp841k08r32,SArl^P94j2PO3xjML2S2kp_TEScBVwtX,Zenobia,Riter,female,faindevon@mail.com
jqjvv3c80990h652icmny,IrNK\],Spring,Petrunger,male,passedtyrone@mac.com
nozkqd2qa56e7107y,Ob<@GQ18mbUy]x<\Iws54k9C,Alva,Mollohan,female,leafedezequiel@aol.com
ada7g523607,wPiDxLLOFGgO7cW9ToPPq,Jordon,Dicara,male,brutetamica@me.com
a5p6m9eeod2mkc05q87v,yoWvHPBF7?Oo,Stanford,Woeppel,male,everspruik@mail.com
ghqwe67rux2,5<Z6OfL6JW8]<KL7@,Dora,Hemish,female,panedranaudo@hotmail.com
p78wl8d612hb8,^lYR?@QURrLo,Trudy,Draleau,male,livedmains@comcast.net
r331bxk8,0noMxBeQMe^zQbMW1_DDo\rN2Ow4j7Ht,Deandre,Gotshall,male,farmclark@gmail.com
p0pib4bg2n8r0743lsyv68j2,97i==AYzEH[J[2Q4qneB,Valentin,Furlong,male,flushjeremiah@msn.com
o1pfz072egbudh0g,cEy]td\>s0[vx?o,Joellen,Carrizal,male,brokebirks@yahoo.com
g3c6wr61f,D=wG7B0zvWnqEKuFDwruA3AUZbB\FP,Carolyn,Kamemoto,male,slickelisa@verizon.net
c02j611u3dwi,<I5DjQX6^mTS5N]nA4>,Jackie,Holsapple,male,plumbdarnell@hotmail.co.uk
mzo1l028,`usd5zmWfqR2RDbVG,Princess,Villani,male,nowayclype@verizon.net
gz8s0lgq,9jxSa5,Erlene,Kalfas,male,sexedsunns@aol.com
ifq7g1968zso99av1742475r,RfC>_o2Ec,Retha,Hasse,female,barebackedlurs@mail.com
et338dkvjy5,g8AzzjF0]J2mlitlle,Michelle,Noman,male,moonedsennits@att.net
eo698j6qa61k77,e22HC^D3l5?ccqcMZH6H`AgTl,Herschel,Justin,male,scaleddamien@me.com
v43u21t,RKtYARDt2Hh]1zDsPC,Buster,Wodskow,male,blestmelva@email.com
q3bk08264u83ai,cT`oxqLgS,Clint,Roberton,male,okemathus@hotmail.com
kqw38kp3s5rv06wpzjqry3,5Ged`\ef3W7BSkq9N1Ka7ME,Lavern,Botwin,male,keyedmalcolm@mac.com
s2230ip,tNtc=6sG]n,Alena,Marchbanks,female,painedgore@comcast.net
z90jl2q18m7629uir0w,HgK2CB=P8e<D2,Wade,Wironen,male,fainnickolas@att.net
yxx7it3szr373rehw60id561,m?AWFeqUk>mLYrFgDgDON3PzF8jl?Aev,Fritz,Samul,male,froggedvails@att.net
mbgo822qq6,d4?ikzjkLlBGz^\rASaK,Max,Ligas,male,queermillicent@comcast.net
i0fg8ty8pj3,JBmB[tnRANxn?sxPW<bwyuA,Willis,Thraen,male,calcedbordeaux@aol.com
r94f96j045z50,Oz_44rYelM[xV^2,Kathrin,Schmidlin,male,skinttamela@email.com
d66dhg9o6att45rj3f,3t0fMcsmL<,Anabel,Pieters,male,stoppedloveys@mac.com
yunn5n83070iq,V6Q5aBeY<bqd@?U,Alphonse,Doby,male,plumpnoelle@mail.com
rh36280ad01eqdz7p57r2,>N7W]ihO[JQChCE3bdD@o7kEKFC7v,Orville,Arenstam,male,acechad@comcast.net
q702gv20hpnf4,rmZ\jNH\0XmvDK73DWV2P4XeY6v1,Janis,Uptegraft,male,cauldnoella@att.net
k75ina809u7igr2718,XF<QttJCD]cQts2WsrNPqsOIcoNY,Drucilla,Gulley,female,hydroussudds@gmx.com
k65xue293o33d24h,ttjzr2vX\eEw?ejpqukxdJm8Ca,Carolee,Roefaro,male,mattedwayne@comcast.net
g5gx6951p099665lvzd5td5r,PkM58]ipsSp>YRuLuN7VUCEc_ITT1\,Mammie,Kleidon,male,trippingbendix@comcast.net
l81a4162jy65k5q398vuf1k,\ak1wM\H?QPtF,Jesse,Madron,male,mildvon@aol.com
z49n90,Xv>vL_WBBlb`ctA<7\08AfJ,Chuck,Mark,male,surbasedtrompes@mail.com
dj0y5obl597sf70,oR=GvaSP\iMqV58wC6nO3Oehkzk=w,Wendell,Telesco,male,glumscott@comcast.net
l368r60742,VMfeL6ly`M,Philomena,Lucas,female,sulfareeves@msn.com
ro3w42y224b2yc3a931hk1,97axtiMxS1jRfZ=Le\ufXAFvEIzn_,Joeann,Cooperman,male,screwedmckeeman@att.net
xk31n361v5di16,1n`z3Aaw0tYiZbD8\H^kAq3^bB>zkBf,Terrell,Jessop,male,raptaimee@mail.com
y6nbhvps6l98,T5>bg@C438R_XnGc\=RqI\L[,Titus,Hasas,male,tightrozella@yahoo.com
a47p46l376wz,ZU9O9zciLm1kLFu<2MeD>OWX>,Everette,Piech,male,inaptweigelt@gmail.com
h34t34998u42ec4pvtlh,KXL21yfv9,Fredric,Norbury,male,wrappedcollin@me.com
w000edef1k91,yvE_5GryVu5q,Sophia,Mcnamara,female,cantysteib@yahoo.co.uk
i4y2442k6jk3,7e6z5bTpn5==>s0ZG_<XElUM=,Eun,Sifers,male,builtgiovanni@me.com
j113jz9qd9ib1r,b_Yi^Uq7?WLsEU,Cammie,Dragoo,male,soreleon@yahoo.com
jh60h58366zyff6x4n,Zae5LJOw4RDJ=[2NOcJL>zoMqQ\NIpK,Miquel,Raupp,male,foiledpearlene@verizon.net
ny985e8f5j5kcij1dz2,F@dJMD?]?Xx=F<uav^,Raquel,Gonnella,male,crookjulissa@aol.com
q3349lnam1w8,4r5d\AoXofD@86Sqjzfr3Vuh>nK,Zofia,Dozier,female,toothedarenos@gmail.com
h42robi93bv9,SQW_c,Erwin,Monachino,male,lievereeves@gmail.com
e398676si7kewb4l1c63s65,Y_@eb=aze1n\XZvOkpv1K0y5cbd,Marlena,Gonseth,female,passedmyles@hotmail.co.uk
s48ri2m3uiu46f758945865r,hxHjfTP,Clair,Sweezer,male,fortesheddings@yahoo.com
avodxy8hy95761r5mv,6pOo^d<Y2Dk,Kerry,Abriola,male,fierceburt@gmx.com
o0hy3999ij81z338a474i88b,5hOoS6,Foster,Hatstat,male,hextricia@msn.com
ya6srj3z76,ctzql5w[<OA^NzGIynX<vG>n]4_Wo\q,Kori,Leifer,male,childlessclaps@aol.com
cu7r213gc4a,m3FU`9krIjOqSoy]wqFyGhm0DZ,Jefferson,Diersen,male,toomvails@mail.com
j50sat778948,ziELqc>0=RlMuKUpuv,Tim,Heroux,male,bestialzwiener@msn.com
i3t3821c0667k6p,tX1N60jhRd`0J>b\W1aW,Cheree,Campton,male,gravelysteps@gmx.com
l282oq4manr1915v57m3xp8,Z5xhGH7hMq1<685XN=OA`OC]r<i7c,Rocky,Dupee,male,cannedtiegs@att.net
f7h7ot519k8,>AM13l7Fr<IelrgbCSyG6mhhhC1`vX[Y,Cathleen,Valliere,male,piledpubis@att.net
w782777zu7580646jr,azdEmTEqf,Shante,Barkley,male,coolherman@verizon.net
zdv24w3e30j88u3jggc53,DV7_[tqwbDZTNF5`f>oYoOnN,Colby,Vagle,male,belliedkrus@mac.com
sefi181,9^[IfCdt8?Z`08s@,Ray,Mcaskill,male,gladsomesieligowski@comcast.net
c2mmg6sz49,DwZg5@TCU[VRcO3Yj<,Buddy,Toniatti,male,blamemallory@mail.com
p27j371533sr5a1x68e1p1nd5,yxa=Gzbu>SqG9V4H_PygS<vt,Juan,Reichman,male,skimkottler@msn.com
d08v03r5,4=zhrajcBp0YS8b>W2=OygqO7EPp,Fran,Mungia,male,wideslubbers@att.net
bx05v54w948y,w^]m^63z4vU2,Rayford,Videtto,male,linkedbekerman@me.com
jtbs3v00e3l9k157n2f5g00er,<?SFmK64`iEWSvT0YB^K=,Sebrina,Granfield,female,jadelady@msn.com
sok08w8718813q2z53n92e9n,RVxQ\Cl,Jonathon,Burnham,male,dreadanibal@hotmail.com
g649psd7ega1124,wNRfmQOy@hk7ZtZ,Gail,Sitra,male,cheapmark@yahoo.com
a77wmmol8,VC<knELdRuMj,Lura,Lebeck,female,fitfulspann@mail.com
dlddx6,lsRsJ_e,Desiree,Dellamora,male,damnedfrancina@email.com
l543e2x7avtq89k61onr17134,ErdND?5PJFJS``arTxe^TukdWiuP,Sherman,Kaltz,male,woundike@aol.com
d1q5kubr3y83c3sbt1,EWQ99s`BH=0>Qks73[[AUP402lEAn,Tabetha,Yobst,female,spokewisebaste@gmail.com
gfoez0r0gwnm5ea01281asfz,pDXRafsK,Kari,Townsell,male,finererks@hotmail.co.uk
u5m2m81,^t]95RqkPECv27W2tKrE`NK\Oyidi<FC,Mickey,Bergamini,male,stuckyoast@live.com
t2i9zu40245893f85,]GICIQQT_U,Luetta,Labossiere,female,ninthsoledad@aol.com
mcq3gdc026nro6sc3v31poh,Jd?vI\@5h8fkBY964ZIGcg<>Pp5jlGch,Steven,Potts,male,bluffpeek@email.com
wc73savk4way5395,N4UU85zIXsS[<w`qSa9LCVBURiM_^3k],Stacy,Pelliccia,male,willedbarney@comcast.net
q05axmx34r,SGVWS5qPheES7qTva,Myron,Westby,male,rareyesenia@yahoo.com
mq4v1to5a6bgl,K1E0Ye@cP,Rickie,Rodi,male,tightspools@hotmail.com
s94qm5014s93p460f69gax7xe,_Sd7PVcppMbhdM8Yg^Z,Wesley,Siegal,male,toemitchell@yahoo.com
s3d50f90787b8,?`8xa<9J8Z\r7uQg,Pennie,Lepak,male,incogglazes@mac.com
aox0a6qpua52ja0q,bR4G<=F,Emiko,Wiesner,male,neshjasper@yahoo.co.uk
orfvj7,@PTe0m8yA,Patience,Asch,male,dashdedra@msn.com
serj89smqv30so913372q9,rV[CRw,Alethea,Macphail,female,brunetmod@me.com
zn47z8d8o433zdw93,dc00BBs\9\mM3hNWtmu78EwuraRn0T,Destiny,Mcduff,male,lithegwenn@gmail.com
z2a70kru8e44f4b05n6y9500,k0bzxS42fh,Nicky,Schleig,male,finnedtyron@comcast.net
qz36ka26ze9hp7uzp6b465a00,3<3wZyxW1]<g0>rtt=,Jude,Gary,male,laithplaid@yahoo.com
ho8blg6051rwocd,>0vhpW?cn3ziXjs[m0xEApA6ijD,Marge,Niedbalec,male,opetreats@verizon.net
l01c74991qq0gu47vk3i,]<MbJD4KL7oL\13siOQDK7WvaY2s,Ronna,Darling,female,geyclones@aol.com
uy61ab9a0y3s,PuKjj`FGn6bEG46d^,Darron,Stempien,male,tauntghat@hotmail.co.uk
kxoqg67fo5jifl,9ZXeiQ\VmT<O,Marcie,Grefrath,male,luxecomnick@yahoo.com
gb4jl72cq59w,TK>_W4w]OX^Rar4?T4,Rene,Wilhelmsen,male,incogdamaris@hotmail.com
xq06r3m55f2tqj84ki,g9w1nkk^,Hazel,Sauer,male,lodgedzebley@me.com
hedi51xqo,07mriyP1k>Mx@qdhgxRdN<ZYj5ZRmM6,Wilburn,Cowett,male,fiercemelchiorre@yahoo.com
z15thn0dsfw7,MMSvtm\Z@vrG,Sherly,Caillouet,male,plopsled@att.net
z287dg45b86,_1uL_vxQXieZXc>JTvu<B,Margaret,Strouse,male,talcyvonne@yahoo.co.uk
tix1g27a39vsa1y,`@sC9lLq9PVBtOF<bPM8jnuYA,Theo,Berkebile,male,toohies@mac.com
b4r6a172981pk6c,L5Ss\n^q],Porter,Dejarnette,male,teindcentos@aol.com
f6wvktr2e8330l0n3s,fu5ODueB_huzz?BmU5,Erna,Prevot,female,roanpattles@me.com
i17yh4,<DD_=NkuS=YYy^VQeMVpoH0k\<Cg,Jose,Larsh,male,groovedpate@mail.com
cbm41g57y91,3Jliss>B,Shani,Platania,male,eildregueira@mail.com
ini1gl2hgoppddft344,S5B^nlffcMx3TW`^kBYYHS,Conrad,Enos,male,incoglyn@hotmail.com
x53k0wv,Nivd^co\3Cwm`[@0,Jeffry,Delgardo,male,widespreadaltew@email.com
bg1m86v2d3ef6544x76pn,TBDwh><3_3l>yCu6]m,Norman,Pavao,male,hickertl@mac.com
v6rkq7y4j3,K9nm0Vb?xd^KljkzApwrz\>U8an`v?o,Gladys,Dorsinville,male,sliersalal@mac.com
k9nuc18,f1@?3DTPTpSGaqK,Joel,Hollander,male,pretendboggs@me.com
dp1by30t,ar?KNDAQjFsPH7D]LMPHW`wZVIGcyt`K,Katelyn,Carosiello,male,whereofsplodge@att.net
d908ck6l,s?YcX1w@zo5Lv,Arnita,Mealor,female,herbagedannette@comcast.net
dhjni8g397dfs9o900j213,YLI\z_qP`qWZ8OUD9fa1KZI,Tangela,Skorupa,female,keptpreisendorf@yahoo.com
o78h4w3700821hm,^sdNU<3C?6,Vivienne,Jabali,male,needshae@gmail.com
x7jw7295vw78my2,BeR\_UnIpQShwc5y[9,Dion,Bakerville,male,stiffcort@email.com
h7dzu40o0kk,_RBnf`hlRriDy<Ha=aHNp=S9pBus^V7^,Shara,Keinonen,female,foolroxane@comcast.net
ox3oe8it8,F>R=Ll[27l0oOH]m@X,Winford,Yarmitsky,male,fainbarry@comcast.net
m84lakqwy2,B]KppAs2O\UoiWxOM_X\63,Johna,Lazcano,female,thwartslink@comcast.net
qsta2e1256,k>Lls^e7^AFv,Lenore,Branstad,male,whistleland@aol.com
l7cio428w23of9dcu4wi0oi7,O8tSLZg6zbtXmEuld@is,Devin,Brandl,male,loathhedgehogs@yahoo.com
e184490muc7,U<NeY87WmCp`U@qx1Tm6zdl3[uKS5S,Dexter,Crady,male,skilledstacey@att.net
lm7uokq6cq1w9q5nem4c16x32,6vV2CrqqJVi,Phil,Kromka,male,muchpearlie@live.com
o49wl6a9t23n22ulwh10,NtFLLZk_X\HZ7,Pedro,Michealson,male,splashyspeer@gmail.com
br21088jb36t5vcb3haln1,9X]syEdzZtYnlkm`qb,Nelda,Baty,female,coarsetamara@att.net
r9ob348g93,sISLRSHBOWKcIlm1A,Elaine,Goldner,male,altshawnda@hotmail.co.uk
aq741h01749dq4lmy8i,g3tYf\IN^B>u0hLarV[vK3,Joe,Petters,male,neappatrice@comcast.net
ox4apuuy0s6g24z,@zdOJFfU,Linsey,Bogosh,male,lessdials@aol.com
vhrx87ak3w60lorum6s2822m,RAP6JWE2kx3ngk\mOVBeWtsF<O1iEQ,Erna,Luckenbill,female,dernpremiered@verizon.net
nt1pr9k114o1bdn4,0n1CZgFPEmeApgA0>DPGec,Wilfred,Gilomen,male,tweejavers@email.com
w4mr8y145r3,00@HAfsUurH2,Neoma,Kintsel,female,heresurveys@email.com
ccc13t,cfXy0z5EMAMLjj,Retta,Turke,female,upstateflap@live.com
k79vt35bvlhjiq0iwkz,g@P[jg`gYN@\W6PQdx`soavy,Mirta,Ermitano,female,lodgedjammie@live.com
j05l9v118737jdz5g2m6,w^S`\0,Geoffrey,Hiles,male,pouchedlyndon@mac.com
vlz36kyr7wa9y6s7l89rw51,M`>lr@Mfw,Trisha,Nauer,female,thrillingshays@msn.com
i2s5d0f4nxz51fe8454rh,=EkX8H<j4,Wilson,Mencl,male,valvarquilty@email.com
z6a811509fk418lz,P=Na\b<1,Meta,Machey,female,eftconfounds@gmail.com
oi0wjxsn77su7j755,sSGidHhGx?I<MyBu,Roland,Helfenstein,male,hereonhoof@hotmail.com
eh198e2cqkls87626uj00m,g<Lo[N<tIp^_kuA,Trevor,Prevento,male,lushmarcus@yahoo.com
y4c730,iZBlmZu1ZJ6J0,Dan,Minas,male,limpalva@mac.com
ubvr9zq4wt1zj26jdeuw62,j_1A20We^DMoJ,Andrea,Zarek,female,milchbreezeway@gmail.com
u7nwsz5j1,<D\PS3XvulVKk4Ae,Tana,Lataquin,female,trimrouse@mac.com
cd1210,gA4GU_r^LMOquPe9P626XYdARMS,Wei,Bergey,male,vastchaise@aol.com
vt7pt80k3mue0j455,jLAw[qF[Xk6SJrKq5S2io7@KYjW8,Arturo,Hunsinger,male,rifeamalia@gmail.com
k409412v7g9,147296uJ\Pm7q_p,Renaldo,Kalb,male,shearedezequiel@hotmail.com
a02a950pp158vw,oUB8ZWk0aU\cAK65lJ,Rochell,Sadri,male,unlaidgait@yahoo.com
l1uk23u8v0,a@i=[g4F[CI[\=ugLh5<7mZin9m,Frances,Speis,male,doneterrell@yahoo.co.uk
lbdr726i,gx8?rhkXz6W9Z,Belia,Staubin,female,smashedfirs@gmail.com
t14h356xnerst1,RJOh=V<HWgALn@70cYRT6P@LAdoBkT8,Lucius,Amott,male,dangedrichelle@gmx.com
u2gv50wjj8s3sj7ey0n34l30,f^JFfyWvRQJDQ`lp,Clarissa,Gruz,female,printpass@yahoo.co.uk
v3xt0b118f,v3=@8=RQatU2VwCMe2Bke\LXNy77jN,Blanche,Eversmeyer,male,lithojefferey@comcast.net
oekss4i07w6s8522378vvp6,Pbli\pPx<dSoWO,Ferne,Geng,male,lowsejovita@aol.com
z3p6c158t6915,NQZmDDVTr0D6E^,Tonie,Wiemer,male,blackishtrego@email.com
fmm24f,[5RoX]qiwfo6XW_B4Ps2,Stan,Ports,male,nearawait@me.com
z56hde0jk1a50z,]8=9o[LrA51IXo@Aw91^laNC33F=,Kenna,Albang,female,couthcharm@aol.com
q8t4w375ak79kkfi2n83,Q[eRnsngxglOz>3A5g,Tricia,Winemiller,female,foldboch@gmx.com
p00uzmr8x7pca3di0,H5dTzWUT4c<J,Laquita,Tietje,female,sphygmoidsprigs@email.com
p821m1,7VK<5`fRmNg4EMxh5w>Uv]`H]H8Q0_t,Otis,Sinton,male,chicdarell@comcast.net
b5f56877m7gq1o5ewcct,Dm`4L?uZf<0kFpD1kOHy_7XB[KW,Ronald,Luzell,male,globatewrings@hotmail.com
uf110n2d8wo3939ep8e,rvmki=Ycp1?abicw1ZqK]nS_jC5^,Eda,Egleton,female,aheadsnooze@gmail.com
ic29477fm62abhy85r4gj7p,jk>N2,Hubert,Hossler,male,fumedclifford@email.com
h70o4z33671858wz80s525,p?dllSt`urqTSAUq1,Charlette,Randleman,male,choicemarta@email.com
f138x5133yh0fd75433,pQJ`u\oKW=h?s@FZFygnNsVQ`xjUyc,Hyman,Lorenzi,male,cheaphollis@me.com
mj9o94s747d1eir,Q<Db[5ZL67lmX\`feY1,Noma,Lemay,female,yepbelong@yahoo.co.uk
z5scdq003c9a8e539839s,xU9SJgN764fV4sCzHSo1ZGcee`qTifk@,Betsy,Branum,male,modheadband@mac.com
v0622048a2,\gc31u4^Tb4]6lJ\tU_6?UOU2Sst,Luciano,Lawrentz,male,loathkex@live.com
aw67lq5022cg,VgLB1b?`LFg70C5,Laurie,Swiatkowski,male,dullasa@email.com
vv08f91vl5ntq,s=Zqw7^bZaN0KYoA],Erik,Mosha,male,veiledjamal@att.net
yykyei,gzQ3r^ujsO,Adelle,Urbaniak,male,swartscuds@gmail.com
o70br06b9xg425193t,JZR_C<uGmrRRdwB0Wf?LZNO46BKh,Nick,Axley,male,timidthrong@mac.com
ms5viz9eu020o1tlx3,f^fze9Qznmx?3Whtd\34G,Elijah,Welters,male,chockburlesque@aol.com
zj97hymv,o@iM?]og,Brady,Michie,male,pawkyabud@email.com
hs12p0hne039hx0wh,u3x]Xtv5=qLP,Tanner,Engel,male,anedelora@gmx.com
f6un306xjt0,fKyM39`GoV@W5p6?n4RmxF9,Solomon,Schraff,male,superlilia@yahoo.com
q16ovu3,X5l`O,Donya,Fossey,female,farmhershel@aol.com
ntp8k118v2l8a228x83,gEY[@ij3DP8NwVq_O,Russel,Sjodin,male,relievedheineken@me.com
z3593p5wy75at89,AqZ1QTa<n@<LkzI^^j5ca6egUO6,Cristobal,Dettmer,male,nudeobdulia@gmail.com
h2g1140307zow07p61j6,POITw43KSe<H,Flavia,Sacramed,female,felonstuenkel@mac.com
e3ik6e336,QIN<ztCI],Patrice,Pinard,male,taughtwildsmith@att.net
er604130144g01wxtt8044k,baUXxX=V\=`N,Laverne,Horseford,male,foredosch@mail.com
u931l9,x2f^<T4rqV4ih,Ilona,Kennington,female,toughclerk@att.net
nnh2yevvcol,OFm3BPpbQ]D[xoHbzn,Opal,Jore,male,damnrory@mail.com
hjefc2yh61n5036q9m,]xst7]F`F4b3,Estrella,Vacio,female,mauveannetta@mac.com
p71v7hgd7gv7wfuze36f2d0m,jORf0?Sg0A=qrF3apkWc,Kirk,Ignowski,male,runedsamaniego@mail.com
b7j90v7cx59iam67,S3_sQEhD>R,Malcolm,Lowthorp,male,superchalk@att.net
b0yvrm1ms7s90s05f6,uEvh6Fhzb,Roscoe,Greenspan,male,armoredstupes@mac.com
rhu5srwjs,SBcbZwEFXxir9E[mwR,Bret,Mussa,male,unrubbedloehrer@verizon.net
gewp0888nu2461sfy56e02,ZC5Opz_gdp=c2wPI`dN<6ZW,Laci,Sumatzkuku,male,eyedbelen@aol.com
rbcx9uok9,1dQphYNNCdCiTIKy^[T<94U47kwR,Edmond,Laudadio,male,stepwiseshews@msn.com
o1cmay48936,=uBHD24`w0[F\rxLBpB5Jt]0`Xee,Zelma,Branchaud,female,rakedaxe@hotmail.co.uk
g7830t11e3,TqfqZcuiqfNmn>9S_mB@MwZ1Z8,Carmel,Gebhardt,male,skilledcarolee@yahoo.co.uk
ung040m6k9538,vlzM7wpx,Coralee,Brenda,male,cheesyplacks@mac.com
xtcrq01a2j89unkuea44w8192,S8cF7q4b7Q7w]tO`,Audrea,Hartung,female,offhandtews@msn.com
odvqx8xr081u6ccc20q71,rP_n\A_xioJNu]W@]^`d[[Xf,Isa,Anewalt,female,selflobs@live.com
r38a4f7o6fr123b2ew6t0,vDOBa_lF>[6OPZI,Herb,Camus,male,snubtynes@hotmail.co.uk
i87koq3feq3t,wNbLg]A^xBu4]5SEy,Max,Dickenson,male,favoredbreadth@mail.com
lu6r1j45lt3c88m8lfvb2vc8,ZyBeEzhPBVERVA?Jo0\Lo,Guillermina,Defalco,female,kinjacelyn@mac.com
d26731rof6pz2h3r9zzq2vdm,Fd6lg?bJgQvCJpJFIa`aHmW,Ema,Joehnck,female,taughtfrancine@me.com
nq961f,L]I4W<0ftth^@0N>b\NTdEa0l,Delfina,Heddleson,female,durejamel@yahoo.com
em7zsqq4,zN\oY@Wgu?Z`V`8x]9P,Brian,Havermann,male,attentrides@comcast.net
f0xmml50mwnt7,P7?Z\J6>YJcUq<pw,Leticia,Brounson,female,dealmeredith@yahoo.co.uk
ng6725bcs2w9q57h4778170q,B[I1@nf,Celina,Duchene,female,sunknickolas@verizon.net
c1da9kxs7g3v30n2ne,8G7nNI4br]VcJbnpwHkTkDqFcH39y^,Kellie,Killingbeck,male,sportarielle@msn.com
bde26grlj0rp7ee5ve2uxdco,MfdlP_RxmAo^8j@Z5kvKeeeJ,Eric,Student,male,coolguano@msn.com
bwm8f2ydv095fp4f1gx,[=\Vz1PJrBvaMWs,Everett,Gomillion,male,merelyscrolls@hotmail.com
qmqq1v322,K[j8JfQUAWn\U^Hm3sA8iHor,Merrie,Pusey,male,corkedkristine@email.com
h1sx12563,l3RE>Qu3Nlwx13N,Mckenzie,Scardina,male,ruffedjamar@att.net
b69t26402b74qnpni076vq68k,apbk0iOSf,Sigrid,Bowman,male,fainrepined@gmail.com
i5197edd662y56,fUB3drpm,Sunny,Abdon,male,sportfulmunce@hotmail.com
us5pntcl5z,SoZA=A=vCte`vK1tKk>,Taisha,Zipf,female,prompthad@verizon.net
q2vff4wmq,WPT3BKAr3_D0pyrZ,Quinn,Buice,male,loudsherman@gmail.com
gbblqea4co012v2,leBvl\mHXJ8G=O,Patrick,Gaters,male,tamedennis@comcast.net
exv8zd,0[f_3ULLm1Ba<qpG66kV9vYOKV,Lucas,Mearing,male,vitesplashdown@live.com
s9y86f3k6ze,M66OtH2?gpE3L^`nG,Natashia,Spycher,female,weekbrews@mac.com
heuz9g,6[59E4Z4MlYX[\6f3MPo^d9Xsp8x<`d,Santos,Quatrevingt,male,drollgeri@comcast.net
bfv87ngg7uvve8,pYSy0he9UUssBS4LKW0jMYVl,Amada,Zeme,female,curdominica@yahoo.co.uk
o6ws2d7ftl7f14z729o1,ZuDk0KV,Verlene,Willer,male,switchcassidy@hotmail.com
lj91711n4cb15p0wjw1j80z63,[8bCPNSSg5L1s5it\Sw5Il1JYaoh]KVt,Dennise,Tubergen,male,awheelcaba@email.com
i8ofl941hy5pg,jFFSKZ,Delphia,Sada,female,bluntko@hotmail.co.uk
skw461p5v2pm7yvs6017b,?o7T[k[uq]XH8e4_lCyQE0FoTMp_,Tai,Hamway,male,staunchvalerie@aol.com
kz83a0f,_S@jOWZ=]Y,Luella,Dillabough,female,tiledwinston@yahoo.co.uk
i8ahjtc7g85v18hi9v86q7ug,44iNO]rjC1syyLAMjQ^iQt,Melody,Bartmess,male,lithoallie@hotmail.com
bp6e1y54vj7ks6h4610i8v,UP]y0K`P5OU@_q0JTu=LJzb2kL,Shannon,Mchone,male,mownmark@hotmail.com
od12l626004a87m2r3l,M?ELAQhMg[5qxbDOFC7OYDW6,Marti,Growcock,male,eighthhector@gmx.com
y47t39,3=Wh3X@i,Antwan,Kuzemchak,male,throughparoled@verizon.net
jjwc2pck03m,^9R^V?fwcRS\7zg3Gy2Li2ot,Lady,Luening,male,slanttyrone@yahoo.co.uk
sr77u6a7yc61af9458un00t,m<lfOn\gS,Jacob,Versace,male,pithythorps@hotmail.com
k8t6b193ts4up5,9gZfu,Taylor,Coin,male,nowdiffracts@me.com
p7xp4149s14149n85t,fD`R0eK_\XNE^qOV978,Armando,Sulc,male,outwardsmince@me.com
x6pln79f3jejc9j,JRJ7P9p@iOpGlrvwuFswh`oSCzo,Keneth,Dilello,male,crockedmessmates@hotmail.co.uk
jins3l5or7dt0,2[K0SGj?wu0jqu`=SPhX,Jesus,Marasigan,male,smugbirdie@hotmail.com
j3jb2o53oa,7xLf6N<,Malia,Carothers,female,litedmeier@msn.com
fm5m7tfip3k,r_A5yNzsBb3p]FliWrSh=w@PB@oGW0o,Ha,Oishi,female,famousfurer@me.com
enuig41quh34byyv2f6s5,a^vk0k,Hank,Meginnis,male,observedmoglia@me.com
gkxafr88srogwdmn48e8,a@5=AX8Gc\AKvjX?w<8,Nelson,Ryals,male,dashveverka@msn.com
m5nes2a92s8066kt5xz0u46p,K_e3IhHFQ>36gA5wVkUyGwBCq,Terrell,Venema,male,rareidols@comcast.net
i1xdu85oog7k,d<_KOxFzsBrD9v<A9TMl^xQg^hE7>?,Tanner,Roaden,male,slightxavier@gmail.com
iii4k562,dSX3\n<S2QR,Quintin,Mathony,male,pickedmatheus@mail.com
msbr7f2joq9oh789a,1D3Zmi,Julio,Skillan,male,dashdrains@msn.com
xco37n6v1q827,?XmgVL6Przlq24<dWw6VyLG,Linette,Chauncey,male,slubcaron@msn.com
x119ice9wnwxp9,ttcB`z=jjYeOq>7U@xp4m34,Trevor,Handke,male,densecrissy@gmx.com
a0t5fn54lyp5912327,pJ6dqM,Alpha,Kirchner,female,analbernardo@mac.com
q371u472m2bfz1f78l,?]2C[1@1Zu`n,Dannette,Asselmeier,male,thickbunts@att.net
qs7de6h0r13z8a7dw1,ldJCZ2fIC_^nd4=0Y,Brendon,Zulkowski,male,nightsscarper@msn.com
z75376m5p365g0934g,]B]bW3L[xOISvGvO,Robin,Kaufman,male,upstagedslugs@verizon.net
xln8t5n8u8tkhk3io4,5wsqfzI]GqDxrgQBE472h>,Nichol,Quertermous,male,wedgedlemuel@me.com
v6ax9xel55yd19f4gh72k6,XGodi>TjZ@qvdB\,Silas,Rushenberg,male,neapednannette@verizon.net
m78ntz64874w2r,R\FIH]U]V],Edmundo,Chaco,male,plicalands@att.net
i6170z813c,Y9wSsyvwN]3=B`eB8j0jPP,Marisa,Boyance,female,mairtrills@mac.com
nc8ro86ll,m_u`OzQ=myk7xA46?W7Epv0S83XPXy,Antoinette,Mugica,male,glibclaudie@att.net
cx2sy3c1423,cMuoUwPt`aLZVI2TlN1=JJS_aN3,Marty,Salek,male,quitelisha@comcast.net
ud85kp13kpk1rw9,dJKzo7uvqN7X^9cK,Cortney,Schellhase,male,earedcarolann@email.com
y5xc47,GZpPrAt,Bryce,Entel,male,fourfoldbin@hotmail.com
xyhsf96186f0vy3181w,?xLZeha,Louann,Duppstadt,male,saneswales@verizon.net
z688y6ox5,zec6nGIA]2Ta_E^@n9,Frances,Gulbraa,male,skintterrell@comcast.net
s9bjq56xu0e008fj35vft166,cyXY[IR9lf9]F],Kent,Dushane,male,foldrea@verizon.net
txs0651hyz3r4x5,0Z4N5b2iQj9dBC=,Max,Marlin,male,montanelidder@msn.com
y9ko8dlho8xo0937r939kj,9YFfimMrfKGqcVg7DZ4lmt,Sebrina,Urias,female,madhazinski@gmx.com
itcs734c7952t3,JTBkktkBy7e]PMlYe@<Zd\nuB0,Neva,Tartar,female,surdshiel@msn.com
tbf808pd5pj64408,yOYMy,Jaleesa,Scarborough,female,triplywhoops@yahoo.com
cl32ieobu,qgEkzwI>,Duncan,Caiazzo,male,doneguinle@comcast.net
xaj70xl4z67cz58b,nhiNsjyFtYA`H\wl,Albina,Traher,female,yepjives@yahoo.com
r0i9vf9pd701,N<^1Ny^gmtqrFeDvtqEEF>uvAw4J@N,Mariko,Reiland,male,dangedolive@me.com
t4nyt0npdxu26g6af5518,P=0X=_\94Nrq,Tomas,Macie,male,sparsebarrie@yahoo.co.uk
s8o07nvg,R@<Kq]7h\web5qM>3uMt8D_Rv?,Dollie,Queros,male,mustraymundo@mac.com
zdbec3cji684k112yj3,FROcR,Elmo,Gaito,male,overtina@aol.com
o7t6an2e8c098jm9we706v7,muWepvUeW[aD]>yKzRKm5M,Terrie,Bultron,male,brawtumults@comcast.net
uqp1y4qj0c5e4ry955mw1xf,baBNV?vC,Roxanne,Nyquist,male,smackprances@aol.com
hzz103p455guxsil3l,18aLvbD2uTiLW<RhOB4Jkt,Arnulfo,Goheen,male,numbseid@mail.com
a4y91vr05utw82n32vx4x7,W4x]\kG>a5dumj,Bernadine,Edstrom,male,dusktaylor@mail.com
j1w802b2w31m8,uB50_QYpd8P_XVTv[L3>e?rX2YggDX,Sherley,Halliday,male,promptmackenzie@mail.com
i8n1h1,DQw3OUS^,Fatima,Parrales,female,crownedaurora@hotmail.co.uk
s761pd21jzx0r8a,8WFVz@\sJ2Uh,Randolph,Tiedeman,male,slubpisegna@hotmail.com
j2y9qz,oA`xTL1Jf,Tamra,Faughn,female,stiffantwan@att.net
xir85sgde8r913e4lx,LbUw5n<e]SY,Michaela,Vandenacre,female,muchresumed@me.com
j62qa32o,cRqvnL,Ethelyn,Lichlyter,male,drearvito@verizon.net
hvfakx7iebw785e94f5,BMrvVioU^,Terry,Noreen,male,daylongplead@aol.com
s5jx09w2u55sowp3,dvltMU1E^hg><2dI_tgdOxb,Alexia,Pettrey,female,disposedhusby@msn.com
o255v0t067j3207q2p6wx560d,l@64O\4Yr[=OPx9s2iFI,Ethyl,Derington,male,pushednicolas@live.com
rd24513e6y,3O0e=KtRNFEgKv75j24FImbpMfzB9o,Eryn,Valliere,male,leftteasing@yahoo.co.uk
rv70aw622m1v3,=_Za@]^58dSCV,Assunta,Youngman,female,tightgeagan@mail.com
xq0vt36,1xktXxJyd`MGYx>vvdeBH8,Lynwood,Kloster,male,fondstanford@email.com
q0824bdv,fF`fMOxOjo2>\2a?H,Wilton,Klinedinst,male,loganya@comcast.net
f4r18ox45k,AHG@4sDaYieYjDYsz@,Olin,Lendon,male,kinjasper@hotmail.co.uk
u365bp47s296z8e5h095599,7JjPH3,Emmitt,Catherson,male,hoggedkinghood@hotmail.com
f2147dn,@\J93od=QvUskpGSr=6ADmC_AUrRm4eo,Leo,Busitzky,male,shillmyriam@hotmail.com
h83va8,k@oC1_,Terence,Nickolas,male,backwarddurdy@yahoo.co.uk
t985rh00l5w23b43y28,ah[wVImD6uicFXZ,Lorine,Rush,male,pockeddeeter@gmail.com
wz3o4t2m5a3,2fHKvFnPgXX@qV>wK^fYH8oNAf,Jarod,Tinnel,male,skilledminds@mac.com
lz757jlqfkw170184,mNFMSivXHnnV=KLXU8ibf@<,Else,Birtwell,male,vaguemedics@gmail.com
x6pz0dvpnpk5e20,HrIt<p18RB\[p,Leta,Silvestrini,female,perksavers@yahoo.com
mxt91p,?d3]k<sHU<wMA\,Ana,Gomaz,female,kinengessor@yahoo.co.uk
o94ihpdx20t3w1v5ad69,MS2_LD?WG4my]@?P,Noah,Palevic,male,chastedana@yahoo.co.uk
ty6stw64j7g0t4altajwc,nF[n=p<Y4]B9,Ariel,Frullate,male,lithocarroll@live.com
h5013dmuf58qsaos1,dGOv3cjKO8Joa6q4bqbjPIP86J,Azucena,Stingel,female,serriedstromski@live.com
jg9ba0,n?tp0mJceE^0EmH,Milo,Guittennez,male,withalpry@email.com
vim7q531t74vo6r727zudij,ATalG21=7sG99L1puQU704dS?<S]D,Gaylene,Favreau,male,derethews@hotmail.co.uk
f4ti5546yrgd8q71e0wjim26,Z12L0D?[z2nW>DbHEoNSo`,Hershel,Mckenley,male,farrickie@gmx.com
u227n457p7v1l92tyr4zt9,Uai2QuTRON8ZZd,Gerry,Remmie,male,slubnilda@yahoo.co.uk
y29dtmf0k9aux2r38unc,b?r2lLVHZl^x6Ahkp7N?nrm0[A,Wilfredo,Ovadilla,male,crookkimberlee@att.net
jth7si407g36h5j5m14e4w3,Y9tsXH,Terrence,Fawler,male,slummisha@mail.com
knde85vcn6efjcp3834ex2dkf,MvN52[ug2mrIW^hpcDx,Eli,Jauch,male,beigechad@hotmail.com
d3njk435sn93m6v27hr4o6,cIZCzKM17QauM8@b03v<f,Erasmo,Cinotto,male,feignedverlene@hotmail.com
ev9np8h48t63qs27i7,Zm2>AmyDfdwZlEf<JI22t,Carey,Ares,male,frailmerle@yahoo.co.uk
g4picxqfo,SPNPd>@=fPotB9m3VMxr<CKB`OAmzX`k,Inger,Rosul,male,swelljolene@yahoo.co.uk
c01cvrh0f5s83mj3k5444,0y6hTnGt?t[UFsY]HCg4I`HzFXPl>B2p,Les,Kiesel,male,ferventdriver@comcast.net
ha122d0n,3?r98N?7H6d8N@axOV?di?37S6bjeL,Octavia,Visvardis,female,triedforgings@gmail.com
q44k76f3j3m96qg77f111v,b\TI>YoAnPc49ZgQw2?nYI^mZ_9,Isaac,Beckstrom,male,thintyra@comcast.net
l8a9r6bc80z8001,zjdMwsvM\<C,Danna,Konkol,female,slaincupstid@aol.com
g52z43n,Hym_a=c[aI5Ln3bwf`z]Y25hgr7a0=X8,Tory,Fells,male,louddaron@att.net
ey0xg6m81h,i?rQ@Dpf^thK?woSM\WC\^63H,Amada,Medoff,female,hippedida@msn.com
s9t04m381eq332n01,b3zLvK2mZ2Z0l7T2M01BuBk<b1aw6d5,Cordell,Gozman,male,fraughtjere@email.com
j45w45,2BQ53f<Bt,Darin,Gardin,male,mootsteinworth@hotmail.com
n3k07l,HAzPte9WqVUB6x6@\<nDAyxTa09=S,Rocky,Buzard,male,someruthann@gmx.com
u314cuzn04se668,3==6Vr7MKM8Nv48Xqgek,Trey,Streif,male,luxelon@yahoo.co.uk
s840tz8ahw7sqs24ql091zw20,wb\\?gh\`k`zs,Edythe,Sengstock,male,whererelieve@email.com
oigaowvz858o73dm719p198g5,C1r_<[tCTygXxziN^u`\,Brinda,Dummett,female,lownbrandie@mac.com
t9muk3691,at@GXz,Elisabeth,Zamora,male,mightyhide@mail.com
u7x8c124t068m5m120b2,<Urt@]]sUhU387HCWwtsYPAnt?1tuaE,Diedre,Catino,male,switchliza@hotmail.com
khkv162914i08,=qTtwzpt^K,Christa,Toya,female,girtcindy@email.com
n9agcbf5dr44ado6n28a5b,a[\0r3[lUw<kpXR[id56bgQ<_XLVZ,Kendall,Turman,male,shednakia@verizon.net
b3zwp62tc40kn0,2s<[Tmiy[2z,Hans,Kiggins,male,referpeltry@live.com
mxrt6ia2dw1269,pzBM\^<EFlDJifm1ySHlid3[1oG8wm,Hildegard,Groby,male,brackishscrums@gmail.com
k7dvqn,C]pfYUXYUu?US[gKZk2lHUkgPu9TU,Chester,Guiao,male,foldgordon@gmx.com
o41zi6sy7m530q5n509x8phh,aX1[ZIV=Cp?>vmpj6Ke6yThkQ,Gregory,Ledec,male,outboardmeisinger@hotmail.com
hx28836n923q8,Ko9lBRJQd9QbuL]WeaAF7fyVla,Adrianne,Cripe,male,hoofedtroy@mac.com
o4kg4250r947,RiiFv,Lavinia,Mulaney,female,tiedfidel@email.com
p1z5xx,X6X3D_d9FP?T,Nan,Kyer,male,funtort@verizon.net
f5uz7010xc29zv2j6h1s,IV^x\CFI9N=hxHPKB<]e]s,Mozell,Sons,male,mannedleo@email.com
hhv6440x,MiB=j^XF[YYgvdX6M7T,Kenneth,Bollin,male,flittingchute@yahoo.co.uk
tc21yg,SIWMZhnVq1u7S]xPX6ru5oS9z,Shelton,Stadden,male,brashdarrell@gmx.com
rmp7903n2ur04b475e,OmC5vI=Cf,Jerald,Couchenour,male,blunttuan@hotmail.co.uk
pxlmd3hi459d,R>kn[1fUxv]llbciOFf^[VD[Jdtt,Mika,Juran,female,litgutty@att.net
u62qv925xyp4jmd1npliwou,QrjuUZ^sVtX_IYPe0Pcq3f=,Hugo,Dykas,male,bushedvitullo@live.com
j4shlw2y4lsu8tw40w89k8y8,u9jTDpRYy5n,Chantal,Boreland,male,murkeun@gmail.com
y862kc82w9tlfrq6cjzil177,Dyl@4IfIRP4jt01<SUa,Peter,Martorelli,male,blondefritz@me.com
cp4y2v,@I5[vI,Ollie,Biser,male,cowledkarina@aol.com
m48941kb9uh91w6685pjdj,f3DKFLiInxCD^1DNXp^Tzxfxn0vR,Pilar,Gressley,male,yepwark@comcast.net
ox43k2zplf,Z1i]A9ZU6uNjaZpx2DTtt[vclHYE3,Tisha,Salmans,female,middlingyorker@email.com
ahizd321eid1v,BdlAOswe0>LtfO,Allie,Goudeau,male,madearlen@hotmail.co.uk
qclsswy0yo1tkd7z8,oL2[]C,Dylan,Keahey,male,auldcleveland@gmail.com
s7ta9a16wbo5g49rj788p2,XzS5I<Mt8aEqSSIbh2foY\67V]dV`tx5,Guy,Douville,male,smashedadele@gmx.com
v04zms,S8kV?>e7p^Jm>o3g5?k,Carroll,Buboltz,male,whackingbuffs@me.com
s8c4127ng43v94nr,3]P_iKS]fl@4KjtX<sxJVl8fGk_T^,Thanh,Warsme,male,quitpesavento@hotmail.com
voeg06b3xc8cy5v8k62,?Zmc`hGTxY1dpL,Willian,Gewinner,male,sunkbettina@email.com
diw281,1jqCNsTG^,Stephan,Cholico,male,wastehye@msn.com
m08ldu3rk7nt7t81g8266a37w,kgney,Rex,Poppel,male,batsalexander@aol.com
kf7e7l4n6j,6Ib1KlQP,Danilo,Kaub,male,skilledjoel@mac.com
um076gma3uno80fxm780bee,Nc<ZIli`S`WFX7_zPkL6yMaFht3N2c`H,Kiesha,Pribish,female,manedcarolann@yahoo.co.uk
v2pi5jsy687p8,[ubF4?NzYZ5qHYUCbkXl0A,Cedric,Aldrege,male,thinvernita@yahoo.co.uk
s1isr7pq3jc3in5m7,BzTcKHoS1hw6a7VYc,Ian,Zellmer,male,mademacias@email.com
egl0a12t,XSw5oHU6VTEw2kL>,Devora,Igneri,female,blithesomestacken@live.com
r9rco2cf0r7kv6gmqprr1dq68,BOVO02e>nNbBjEeV>PAXR9LRxbiO4K,Truman,Belangia,male,foggedlocken@comcast.net
mwli0uv3mqmh7,ARju_<hLl2CVxZjnKx1h3,Felicia,Hottell,female,slappistolled@live.com
l3z8ycspnn,gjx\KAAg8y\DKG8Yn1JlR>2_pWzi,Emory,Sagen,male,ripelystraw@gmail.com
om7ewk,AVOZfZNG>Idq=GN4b>\7]T9,Forrest,Naegle,male,limpluis@aol.com
x8377ukpyl,btBosRfA5L1=yooI2Tr`B?,Luis,Bernsen,male,peartgreta@hotmail.com
w9urrex60361bas5nag31,0vZcL_kR4bCF4hlHI_N,Arminda,Booe,female,shrillelisha@hotmail.com
myw06skm98jngn74,ahw_YEbMnrfyGFBDL[a@Jc>osp?A8E`?,Gerry,Ardry,male,blockedkirk@gmx.com
l0o2pc5x,Vbma\9[3TPy<XkO>6nbh?yv@Y[d[5,Bruce,Fassnacht,male,sorecarina@me.com
h9v0ccs877iyga92of1nxcn3,T0lUtkGl9Gd5yascWu3C,Brandon,Cassilano,male,drabnanette@hotmail.com
yb8u8303,]`^>yZqe8Rv>eE=Mf6u8d?ke,Lewis,Kepley,male,flushinstilled@hotmail.com
si46j6mw7a3sa771w6wdfu,E>kN3bdK4s^QODa<kSOXY1\k3,Kenneth,Siglar,male,roanmonals@yahoo.co.uk
st568muo312u78cv8ei16nylm,<\i32GR]_?`E1UO7=P[v6j^b_up2[`,Valentin,Kallas,male,giftedboch@att.net
uv2767l3967,9^D5rNrk2m?uRo4CDuTqj@,Norberto,Alberro,male,twpdominque@hotmail.co.uk
fmdsy13363bps02788zinwq5,E4ZP7<k[?DV2ec\,Angie,Damphousse,male,securequays@gmail.com
yv462k5626eq5ew,9Y@W94s2g[]yMbgVRuWY,Elodia,Cornely,female,hirsuteleininger@hotmail.co.uk
z79ycuv8263,H4ynK??B0WkTrEA<,Barrett,Coklow,male,sneckedoctavio@yahoo.co.uk
a2219exbg5q,LqmIA@YYLi3d^KWr=[u9qea,Garry,Eschborn,male,strayroosevelt@att.net
djn6utz0064qsi,ty`Gwo@w75c>s2,Kasey,Spinuzzi,male,trimstraitens@mail.com
u0x4h42f6zp7s7m8w523x51,`X9FcN,Jimmy,Villarreal,male,bitportents@msn.com
ew9p3v5aitnoi18l3tk,VC[xSfea3IEyfBqeOOpl9kRvD,Rhoda,Heigh,female,dudarlie@yahoo.co.uk
p527t70l4np1csv96v8g,^Z6gQ>>?kdmoWDF\,Retha,Hennen,female,shodmica@mac.com
dus8r9g9mbwpsx4qx3k5,ZGMGd@MB1=LIQDz\eGxD2gqMGHRMg,Hal,Honerkamp,male,dowfbillye@verizon.net
v0e1e109ca7co,tI[`L^0xvQP>5C2e=FXBx7D2zR,Mckinley,Roches,male,enoughgoodall@yahoo.co.uk
z55tyh32khvia7,bie662xvC4?kNWG[nkJf,Roy,Rous,male,sixthhaggle@gmx.com
br82dp84d2jd5gnw549f4d,0fgTEKzJ`t^zj6P45Z,Grover,Soldavini,male,yonyacht@hotmail.co.uk
bdk793q4fd1q2,[=9^3yYFRX5N7H0[VJx,Hollis,Sanmarco,male,trussedmornes@email.com
ws34iu84xgj37wr9s8yiq15e5,PWGC^PZia,Harley,Hawley,male,voidshanna@mail.com
vsyk7ur4qm7,aQ=zAMYtg0wN_qYQ1wk\G0DaF,Bennie,Johnosn,male,secundapperson@gmx.com
qw4x865edbqkr,s<>kfCBCw^_gAoEbve]djBL]ms<8_B3,Talitha,Ebershoff,female,fumedwurley@hotmail.co.uk
n76548,1]dlS_h2<G`[dci_8^7zc1KEXPi5,Edie,Doukas,male,keptspoils@mac.com
p5qi3xtr5c4u3isu8,cinH2Rjpr5s?1w@pMs6aQv,Jorge,Kew,male,misproudtroke@me.com
h0t2l4xg806wbb492973qkf,S5yVPzVPvum8q`DGmPF,Coleman,Bounleut,male,aliketrnong@mail.com
iupxsv7hz,QQA\kxvMScn9KgYU,Curt,Sainz,male,moonedscroll@gmail.com
h6jo1y5,L^IhXwa7EJ2hVl9Gu@PCITGNbH\,Dara,Sietsema,female,toedstevie@email.com
kv1m19ujc270,G9^Lt1L1[<Z7TciR5Nz\9,Karl,Tillis,male,hoofedsharen@gmail.com
x9q3n198042,dlJKqSm=ZxM7OK^?]Kn<7XsvsRAu,Jerrell,Yankee,male,weeksprig@yahoo.com
dyui2rb3,IbOxQRwo?R>vL`=\sNP[,Providencia,Slawson,female,maudlinriobe@gmail.com
c84rhjni3sj5j56va0,ZhaojZMjuqimf0Xt\_>,Oma,Morelock,female,mumluella@email.com
hm7m06,b@zpko8c`067u`RwkutB@9y,Maryanna,Darbro,female,blatelovich@msn.com
d2bavza66134k0,^uPwErKVVCl>kdZjfNy0@YuL35,Shayla,Crivello,female,scrapjesica@yahoo.com
d729vg7wgmb812zwtc3b,X`XTFhOhVEoLIwBeXwftiZHDM,Kelli,Litecky,male,eighthmarylee@gmail.com
l03v2z31k2882dd6y9997,D<_wb,Carey,Langmaid,male,checkedsherwood@att.net
svvaooq259,x\qqG3X,Bernardo,Limoges,male,grumusery@comcast.net
s3s9j8w687g3y00n9z4,dUn874dq6vJ7^Il_SSTaTC3lBl6Vqn,Neal,Markman,male,raisedsubgrade@email.com
b0l46922yo48i6259g,EPo@3,Gisele,Ehrgott,male,kraallen@comcast.net
fdbf92p9jp647qta345mfp,jlH5M]4Kg@Jg1<6HE,Caridad,Hatstat,male,stretchcarole@msn.com
gkd85qw3qz4ruy,0InTrbJ>yg>?l,Emogene,Zelinski,male,crispstarr@yahoo.com
r022s9k94406b400e734l,e3>Nq^9Pl\[pNRwiE`x,Sydney,Ledec,male,prompttow@aol.com
bw4ev94nbl4,uf7VR^=q\t,Malcolm,Goldthorpe,male,snugpails@comcast.net
c7n00g29e,DaOkO^XIQwrQ@9nxiva5M=u,Sylvie,Premer,male,kraalross@att.net
n3862z5991,3=Wb`bfw19k?qiAwoiBRn,Eda,Veile,female,quitcarmelina@hotmail.co.uk
r650ge,PAFm[HSOpmqz3ci,Marleen,Verbilla,male,yorescrump@hotmail.co.uk
q32y7v072953n10n2508ao,GXSGSqrL7Zv2Ca72AAMhw,Abdul,Willcutt,male,maskedpawelczyk@comcast.net
y86m5dvniy600,]vZ?xeJNC2xR,Dudley,Arbuckle,male,analwash@msn.com
ws8pd0,au0dlAxs>qLa7fZcKR[ZgNl4uSBWnUxP,Charley,Jendrick,male,thereforsoar@hotmail.com
cr7h862,2n7HUB=T6_md7HIhxuT>Y>weKFoPfVR,Elliott,Dodier,male,thoamerced@live.com
vuxe745r2i5h38jrkqlcxiu,LqsqqWEHuMmL8[BEwz62xS,Mitzie,Mcgregory,male,skewmeggan@mac.com
uxyjjz466675mhp8m34gp0n5p,Rqa9A?8xwEoU5>C1z,Thi,Buntyn,male,newborntypo@yahoo.com
w8m5y75qu6qo,2zSTv<56_Q=VDkoyJzoUOxV]UR@3MK,Danyelle,Mccraight,male,massysando@msn.com
bk40b0767ankz8wa1bd3r1e8o,87GfVpU`mB@9hp8I>7r>x<8JmF57C5S,Eloy,Aylor,male,aidlessvanasten@hotmail.com
qs27l34c,CpgBhA6qQQpOBR<12sKs[ffGorY`T,Shanae,Liptok,male,smokedricardo@aol.com
qphf9o3,pwsLDXeM[7LfM=jBHDLFqI3Gk,Theola,Faurote,female,throughdrowns@yahoo.co.uk
l13k0i5u0t9,roHCUz?KF0cEis,Hana,Lason,female,soothmarquis@gmx.com
i5732p6a6u6nt,ACs>RkvfnRFv2G=<A[>qjkW9@],Wilfredo,Roa,male,saidbegley@mail.com
k306w87k5f2e861ui0l9qo9r9,l_[S8dK0Y39,Kyle,Mccrea,male,shoalyetta@email.com
ycn779d10855,g2n`=XMr[<]`FfzE\II^7jJIJ,Barney,Norum,male,ballynill@verizon.net
g276l086x6oei,Oqo4Lp0Y[htdgGx\DXRecjGVW\Vn_]f,Kassandra,Ritzman,female,needstemp@comcast.net
zz56sb4o6u9x,fNOkh,Cristobal,Rathert,male,coolrenato@mac.com
kk3j23s160y7b10j1rdt66n0,roOX@UIN^7gm35,Florine,Thrush,male,gowanedyetsko@aol.com
hat2ia75iov7pw8vr30z5,]y\6jrq,Rudolf,Godines,male,straymargaret@aol.com
actf3wc41tocay78en,x\]do@Yi>X,Daryl,Wolfson,male,drunkjorge@gmail.com
b4k7b1663uu1551gye09,iv`IX`242uG,Mohammed,Laham,male,comblessspoon@gmail.com
oe78u0o8d0,`SG3l]W?FUqN,Olen,Dunemann,male,puirmarie@gmail.com
j47d24l9577067qjhmqs,uhAF9xD`DPW3Y,Collin,Garff,male,skirtlesscorradini@verizon.net
m7772no2o4v98p8qe8,3OBHv8hA,Shana,Beinlich,female,dreichangelena@msn.com
d42t5z,wu@>A5]eb>,Milan,Pies,male,dopeyriglos@hotmail.com
opv5jy8u529ky6ou4i4eb1,e2DeTHmExvmEFeERHJa57Ja,Mai,Renfro,male,tameclarita@email.com
v8p387qs2cfl72l8h9chb08,LQFf@32mcr]`X<Ai<g6ujoTff7WCi3n,Alexander,Schoener,male,hexgoodies@live.com
a9kw335eh55i76,xE5bPQeG\RHS,Al,Westrick,male,hoggedsinisi@yahoo.com
p7t0tj2ot0,K7[tmlk2WQX\7WV<3EYCBE?d>,Shelby,Lagle,male,boozyknoedler@aol.com
c4b8u77p1335645q78n1,My79lmaRX,Delta,Viray,female,thusvie@hotmail.co.uk
dvy9c6fn98v9bph9638,`Xu]>ONgQq>\XGsT\xGZfC7UH_Qz2\Wn,Myriam,Waser,male,yessnogs@mail.com
ecj07xg9nq738g3y,GvYGLm_^,Elenor,Radune,male,shillmerle@live.com
p1h2k91d8,U8L0G68Pw3yc=RyGSro>0nof^9P[^`,Armando,Lattus,male,burnedcleo@att.net
wk7v345t1,zZEt=T3,Reyes,Wojtas,male,courseoutstood@comcast.net
yoo1z9me2ii,I2>CEVmX3KR6q,Albertha,Burkly,female,disposedmelish@mail.com
k54j9u9621v80xvvn6b,BYbeXl75VJM]=s8Uc,Juliane,Montonez,male,thatbrattice@comcast.net
t84hkh3bi16ge66,ijPWJq`_zDtQi,Emmy,Canavan,male,slaprevoke@comcast.net
or59bbdu8b4cuos,y2i\9JK5XGgl?,Catina,Rude,female,trimgeorgina@verizon.net
pxlmk1o3g6v9fgf19j3qord,v@CK8@AVdK[rbeVnb9SL?@TfgFnXy,Shannan,Benchoff,male,osmichollack@msn.com
byztbw81x35ag46wkx21g3,1Q19OBbKrB`u,Perry,Tongate,male,spickgrouse@hotmail.co.uk
m0lp48p14w3hi,lT^PAE2=ANPiFmvcsqv,Dillon,Revelli,male,fiercekali@mac.com
i7giem1l3,tC1<Rkl3b\tgSvKMr,Jim,Phanthanouvon,male,soldmadge@att.net
uf63v951c95qaia45r9h9m9i,R2SwzA3[=3@[jq370Meiyc51OM2,Luis,Mauter,male,stewedvina@verizon.net
b5rl9q921hyd9988hy,5_k3UE3,Kali,Cotelesse,male,darnedoutweed@gmx.com
lj9a41y1,Sp3WaN]gFd[JCWa9,Alia,Oatis,female,dormantprovencher@comcast.net
lt5em509,fMgUOlS6jyV>ZKZtZhHc0sPOjU,Emilie,Willies,male,frilledbernardo@verizon.net
q95tp86q29n9934urkf75syn,Swb_Ftp9a5f[6II=Tp\0I,Gilbert,Huseman,male,nudemoue@yahoo.com
q6p5p87d37b60l8mo4a,EUyjmqA5Ed39URDQ=tFx6SFGIS>[E,Jermaine,Rasual,male,conjoinedlidke@yahoo.co.uk
m1jl4y,ZBa1_>JaqYzf0ETCn8W<6BB,Dyan,Collie,male,foldplahs@hotmail.co.uk
n624ro5rx83207j,rj`dc\DXr,Melanie,Jubyna,male,muchmulcts@att.net
fq575mx,120IC`O>05aWWi7rw,Yesenia,Hasselbarth,female,mzeehopping@mail.com
kej87n9s2uu216jwi8c5,x=hMrhdwqjos`w0dg4r,Fritz,Trinkley,male,thoughinsphere@aol.com
op99p020o3a,n5hK7PJ4S0Y1p>E^uq[KP`[ivBT^^,Klara,Behring,female,downrightpores@mac.com
tt91l0t30jxz30s63m90c414,SP_3KMae^OvV[[8pQ[zm,Samantha,Mailliard,female,soldviki@gmx.com
df3u66m0923313u35kkj,h52Rlv3\jp7]@?@LO,Osvaldo,Maschmeyer,male,leanderrick@aol.com
fgk3cjnuut0i53q1417845d6,ibIC_B6R1L3<Sbg3q_0p_U6xG5`n\U8,Keven,Carroca,male,lowsecompose@mail.com
x9pn95,vi_tq,Everett,Brunn,male,usedgreta@live.com
w01t87c19oy022f,`^FQmEzTWI[1`0<FdIVK8,Viva,Cheadle,female,tradgamer@me.com
sc8wa8,zpsHBzxZ=E2=dy=2cJjrQXTpZuPkLi9,Claudine,Kiani,male,eathannetta@aol.com
m5v7m87,JAJJ5g9>wtoPxA@yMIY]E<W,Everett,Weckwerth,male,driedmarilou@msn.com
hw2a2pbv6pagvsm3suqum,\<Ted3np[25J`7dfWdEpq6?rx,Jannet,Remke,male,incogoutflanks@live.com
rtl5mq35r4lg6xju,0>gOxxUDStPqq0fRXYDb,Daron,Lamirand,male,burnedamado@email.com
pz79nm43qfwe5o2mhr4314o2,fmZ37bg<vUAZlrH[8W<5IQX,Buster,Bruzewicz,male,robustthroe@gmail.com
c0085g47o56,@0S>SFaQKtNqv320jmKCfkyd],Honey,Cicatello,male,willedroger@comcast.net
dkdo10wqqu5u4408,TlPxRtnfRe6u=S8_5LYTkI<Q_j8uLgB,Fonda,Prairie,female,tiledverda@aol.com
cp0dwfs8ij1g7ka914q1c7,qkQTq\,Walker,Elftman,male,nightsgarble@verizon.net
i34rpcm6a81tgwed1fnv0xm9,wruq3zotECkKE0dynm,Sophie,Minicucci,male,forcedernest@aol.com
bu2p8jna9wylxz80ak457pa,1Zxq=VvjoNYR>RMA5@L^@k>y,Ilda,Fedor,female,twprebbecca@att.net
ks11s909a7f0ogew9q7a3oo,e=BA2\22ZEWVw,Matthew,Gallucci,male,tressedemerald@live.com
rr4jdr2bqxz4,Fq]9UhJfRl@iK0yS?JyrwrY<4zp,Regan,Fitten,male,fabphyllis@att.net
miwd9istv1,U1as0,Carri,Lodense,male,gonelurline@msn.com
a4365pk0r87ny5wfe76qi8582,uN\e0UT73k3YTA6L=cb>M4Su\9ADu,Marinda,Mangram,female,waurfrank@hotmail.com
cx3d95k1qa2ik9384c,<ur666Bx5yYSDv\ZOsw,Osvaldo,Nishida,male,sixthfrankie@msn.com
am3511z,A0<COz0rIX,Dusty,Fulda,male,beautjami@hotmail.co.uk
i75jov15r81h5o9,qe^@E^u6[T72fd0NLrmRgwgaGo=,Coral,Sinner,male,famedlashonda@gmx.com
ykn9a73u48b5doh693,5iu?VK>Ptjt?gRnzDsso,Vaughn,Huntsinger,male,painedjorge@comcast.net
f6def578s5q4337t04kgc94,?atI`vmvL1I9lYkHb<]EpXsAFm6,Hung,Crecco,male,worstwives@msn.com
e5mf252x8fo479s,Z9DlAFuZEUvOUXlQ_EvW7,Waldo,Bevel,male,rathelorene@gmail.com
w158b6lntm361pv1p985741,DxcEwnWGoxw\nW^F\E7RqD[<?h,Eldridge,Despain,male,wedali@yahoo.co.uk
shsydf30is7uz34qrug6g,QF\A[]8D_4i>,Layla,Chia,female,lotselate@gmx.com
qbs2945a,2gXeU?P\PSNqbJ2=sZSEWY7V91Zg<,Olen,Macola,male,jettinggersten@gmx.com
sg2uc6,8a45r5u8TOwLkBr,Franklin,Asebedo,male,sentsimona@verizon.net
ow65z91a,xrRNN?2JO]ihUKTtw170Gf<3bSj2,Winston,Ekas,male,eildchampion@att.net
yzwv7ms43d,PRF>\_IIix?VJS5Ee>eH,Mitch,Buccellato,male,hitherranged@yahoo.co.uk
dvn4xk6cz1,0>ogw=0nk,Lanny,Fackrell,male,shywillia@gmx.com
vgkgh0sv8w53tn9itsm,<j\VYaa]o?=V,Waldo,Chasnoff,male,tanwalton@msn.com
k44c8b77h4u6085497o,G]?F[[<5,Bryan,Philliber,male,fooledythe@yahoo.co.uk
eaq6wg6uo,2p`Y[gxY8TblW32<KmRJh`9x\0i4r,Luetta,Bonnot,female,incogcornette@aol.com
p1vyj66pt9roia0,`eakB@,Milissa,Dalley,female,matwiley@comcast.net
kid1ev5524rom5n7q55,c0Ve_NjC9[>Y1HbnaSXr,Cassandra,Laflen,female,soughtchauncey@msn.com
w69h784pc7u2o6704t593,ElsbZ]>wa5OTDsYSJO<19R`mQdW,Lynnette,Chan,male,oaredelmer@comcast.net
nau1b32n1890hyhrn,XQa5Eq?LE>M7zwWw8]zr`vvNC@J,Roger,Ver,male,lastinggooden@email.com
y898x974pr83846j,ZOmWKhYj<5o,Vito,Levar,male,foulchirp@me.com
q7b40utq5120f5716125al4gz,2?HKh<WOz3A1nWy7[_T3xJbGk\Nw,Melynda,Thrams,female,aviddoles@gmail.com
ld4d3365244a,bFjwkDIxbE,Donald,Swabb,male,hugecorinna@hotmail.com
sz9002,CK9G69L3D0eBQff6nAm,Kesha,Hults,female,poshstripling@verizon.net
b1u1k3z6y,Ho=E\v5EiG1>oz,Brenton,Gadue,male,witgrooved@gmx.com
bw9icaiek91e,2YJKT,Hank,Geremia,male,brokejoycelyn@comcast.net
wdqwz6m5709f,LQDvu,Millie,Brogley,male,clausalpyre@mac.com
vg33k60trhd131,dIHBYRJpscsc2si_vy,Carrol,Campbel,male,stylarabeb@yahoo.com
pnb641tk7hzcuzj902ll,2_B``c>hrPaYyl38`J]976,Jeffrey,Quigg,male,ripplyvein@gmx.com
z226i88kpay1d5,pRVC4nZ?[U]EAuz<97O3uNCV]lezJ?Z,Dana,Supnet,female,foolnickie@gmx.com
u0hzpd09e953mplb93c6w5q,Rg=fNbkotLLHF>uQ0]o`,Gail,Massoni,male,agelongcontes@live.com
a5hf501d1of0g961v4ax5,LMm9<ESmgQY,Lynelle,Fredregill,male,boldlyfirm@email.com
vzo3mwq03,zv6qXOAjqfKw2<fR,Leopoldo,Stanbrough,male,sidelongthirls@hotmail.co.uk
jj85f0286mjib06egn,=?3ePLGIn>02rtY^WjmaRHe02<@x]JF,Kristi,Marzolf,male,cuppedkinderman@gmx.com
jav048e7fk6b6ua92u9h17,NtGR3HjYhVi,Kira,Rosecrans,female,keyedcarletta@yahoo.co.uk
nmtzpbg5cazykwia676r1v5n5,@LFF]gMpQse,Ivory,Gieber,male,skinnedwallows@yahoo.com
cal47k3vr6t2h1f6akrvcc,hZQQxq`[IwecqRD8NuF>tWgSnmleZ,Hyacinth,Herber,male,rearwardkyseth@live.com
gq0789e4hl4k8ws6,bT_wqx5WAGwz?SDK6,Ernestine,Yago,male,wershmarkita@yahoo.co.uk
jya5on6geq,q4T5pma5jKV`v7zMU>,Rosalie,Pichardo,male,rathehong@gmail.com
pwp5tfb7mih3urs72,elHc=M,Gustavo,Tartaglino,male,ainmhos@email.com
nu51iq7,nr0>a[pb6S1KX,Claude,Waymon,male,spiredbernie@me.com
dk7801ea6x08518118,zMuN]kgzWA37nAj@d@XBcUmp,Darcie,Maniace,male,steepthiara@yahoo.com
w103hix61yc169m1999f5xs,bo<KDD3YRqxWoZbI,Dario,Nishikawa,male,milchbernadine@hotmail.co.uk
a7op30zf211q65334m,nJSNGcpxTpLbQfVZ>cM,Bethany,Jes,male,elsedabbing@msn.com
a44k346,sx4I]mL\0]?>\NB^?fJKVk,Young,Frever,male,whencescalds@msn.com
t48wjx86xr334i316tw7,ZWVM[XIVRuFeiv3t<iJ,Magnolia,Tomasic,female,toommichale@gmx.com
kkub73z1ja87gmi0,Kzy[xCnNGJ?tcNy,Fae,Loescher,male,glazedgregory@mail.com
o7yga33m,TeTBKG6wgJpwCI`pZxZpKmG,Leighann,Arashiro,male,darnwas@yahoo.co.uk
pa01zl9kidkt2y,eL^1C6k,Leilani,Finnerty,male,sliestkegel@live.com
e3072vg7d625h481k67,^@jpa[oG7GcO\cO7R,Alden,Honaker,male,liveddoug@yahoo.com
yz4o59fqetp1p522vhb0a,MTye^,Maranda,Mustoe,female,gunsisabel@hotmail.co.uk
kg4652u8,jufy1Z3=HiNjplkK\9v`,Darius,Caples,male,chargedharshfield@live.com
xdnj3dc7qmcj6971546,JabqHSTDsF,Chasity,Schantini,male,sparklingblintze@hotmail.co.uk
c8n1l97xdb84,LmsM]n7vEs[Wkc?],Krysta,Catholic,female,fusilrada@mail.com
dy6wz2e490bjnzx9,bLWFYt==?2[suPcszQ],Lamar,Licht,male,faintoby@gmx.com
p36j9jf19zv,^9m4?S6PNSUTw93]uzU]v,Garrett,Samek,male,darncolton@gmail.com
w8zyub6p331,YK13FsL<,Roland,Del,male,injuredobleton@me.com
g9jd3n962dl6cb,cTn9@qKMIBPCV,Lynelle,Lumukanda,male,soldsacha@gmx.com
h2va4go,YbZB7unqavlCSQUfutA,Edward,Gantert,male,fainmoos@aol.com
o0mktxv9rxm,g8`OEw6hxGnxM16bZ9g\qMv=1Un,Ronald,Weis,male,neatpatricia@gmail.com
up26b32ndc4,eWdBij^Mgewq`z6P1^RS<81<LRHE6[k,Joan,Tamanaha,male,choralditty@gmx.com
j3ybjbcm0,?b^xy6trDzI,Alfonzo,Digby,male,earedcoleman@me.com
wj5y2e1iee1ujdr4,L2Si8>TLMg7IxRUDJVEh,Nicol,Acoba,male,incoglowell@live.com
z09829yrxpblc1h75j94y116k,kWyS]>lEYjp7,Chang,Chauncey,male,gibbedjospeh@gmx.com
y2766w8w9,mXDd>kv^ylJe1A`SfOoy8,Francesca,Staehler,female,promptlindsey@comcast.net
u71zzmxye59mw4j07yij4ok5,^x1gB]_HbeVu5@wj_VDJoapzf5HmT=e,Sam,Vayner,male,couthjefferson@verizon.net
t892dwp57hovf6,[>cZOO0f,Vincenza,Giacolone,female,fainalisia@mac.com
r75828967374d1sj,27b3SQS5isMNM^3B>EQ,Margarite,Kenison,male,swellnicol@yahoo.co.uk
t036qejcg36591wuk41sgp2te,Ce6N6]kcOpnKJL>oe[9Sk_,Carrol,Macnab,male,somewhyfurls@hotmail.com
vf6ld01cb,[_71q^M?CfGGdBSk2X0,Rosina,Hunckler,female,fatmichel@live.com
x2ve498x61tr120a,ecskYHkX5rNoUT,Terrie,Horton,male,tressedchet@me.com
o8t058e14vgt954,gf<]=C`7j,Anastasia,Husselbee,female,altdorcas@live.com
p3r3lut,^vnWq_roumZN]HjE,Christian,Campell,male,shornquatrains@yahoo.com
k242d809l9d9u8btt9hs88klc,cj2WGHeKtmsdClBLoK,Gene,Carwell,male,nearbeau@yahoo.co.uk
yu05810znn,2?>x?f<V^R2=n4l[XwCjVn8yk3D=RU,Johnathan,Gadlin,male,mattina@email.com
wi7618o5w,^nC>7woVG`f,Lesley,Coyier,male,ginnedlout@mail.com
woz55ffyj13s6,AJgfCXtv@h>4,Shakira,Micucci,female,smokedreynaldo@comcast.net
c9j6jwknk08n,QMMMV01aphW[iJxQYJUxExGYp9TuNE,Quentin,Harajly,male,touchedsauro@gmx.com
rxiu64lugs,0K?nr?G8sAJ>>qn,Anglea,Large,female,foolcharla@mac.com
mn65sq95,ZNtLdO>sZ0oiJnS\U<]BPhdd52\,Marietta,Flud,female,mobscoded@gmx.com
hz332n618j0n80t55f5,Lp5ClQZg1\On[J,Jarred,Mcarthur,male,swanknoils@comcast.net
kq724p15z0,ERDwHJjq5BBZJ6C_=eyKrts^IwnW4859,Roxanne,Bonsey,male,slungarlene@msn.com
jsl9k8zcc4305,egAqOU8>IKy?jsm69kb1,Maurice,Satchell,male,retraltuff@att.net
v797v7gd6sr2a3,dmmrV00dV0AU<x4YpyyWQt2jCgW_fAXZ,Frances,Trifiletti,male,mateyduvel@hotmail.co.uk
dwuc5kzr,vq]eh6m[1zsc@G77Fsn,Seymour,Girellini,male,nighshams@me.com
l7e2qp0mcu9,K56_jPLzE2lj5hQ3SjCBb2]rV,Emilio,Nicewonger,male,swishstraka@yahoo.com
vzb9n6yfsvzq7y8v42ye07,vvTVa1nBh5PbUFfZX,Isabella,Ezechu,female,smokedsarge@yahoo.com
eb37r0a899t2131r,=OVX7f^g^AKY?M4,Ahmad,Kadner,male,cleanlammings@aol.com
skv964342g0rq9g,5\MW?BaIdlCdbuV<ZW>2ClM,Awilda,Broberg,female,someyetta@verizon.net
xv0n02,iuTG@kBe,Arlie,Prepotente,male,anescache@aol.com
u4j1lb5ge9,ZJFN_9G?elHtDnatVH\O_rNv>OT5C,Angella,Veer,female,lithoangelic@hotmail.co.uk
s5z9ix8843,T2eEVvFIrXmAG?Er,Ouida,Budworth,female,duecaddy@yahoo.co.uk
t5d0ing8m2,9TkHJuL?=6=22,Mariann,Davids,male,lithobuck@yahoo.com
b6u57e2id989gg6qwhq,SHpxVW,Todd,Hinderer,male,greigejames@yahoo.com
vz3g55q,G9^vcRwM`l3s6B\GR?,Deidre,Hirt,male,frailrhett@live.com
hezde88l,gMUvPd0MPkXHf?U9p=Q?,Quinn,Phou,male,scraprandolph@msn.com
wu9m8f0,LdtHB3pEqfz\],Shelby,Singewald,male,wedgeddorsey@yahoo.co.uk
a5h56n0fu41fd854,U`5_L`XiVT,Len,Holien,male,fondshrimpers@mac.com
pg714p6q0,_[zfBs\wri=6zaWh,Kathy,Iott,male,primalnurse@aol.com
w102t355o,5zJ8WizWs^FQVbFcRr3JBM,Gene,Brucken,male,skilledmiles@yahoo.co.uk
q1k9096,dEuPde[Jd=CLBnd9Pcxa0>ikM4lE\,Tommie,Vayda,male,soughtlenard@hotmail.co.uk
jlr1821406ro2xijty6rzwe,GkOl7A,Rico,Kesterson,male,manedtoffy@mail.com
e8hite92r68ge,<[sSTuK8K7X@lrlBZrSlRn,Alexander,Calendine,male,headstattles@att.net
d7z34113s1x899hd,0vMJ_JRu1,Nolan,Heu,male,gunnedsandy@msn.com
cvc94dc,Eg?2jJ=,Ida,Muehlman,female,scalledyuk@hotmail.com
a0o7w021d,8DaYGI4CsjiD`>g`vkknl3u3cTpmT2T,Hermelinda,Neid,female,ripebarbu@aol.com
w3pnazshj,VGqD2T`o7Eol_lP[Anu3JOWuXTgN,Edgardo,Hedstrom,male,dingerandal@email.com
oo254265l9yto04k4,135qx@Tnf3iJJjoP[l_VjWBH3`zcITD9,Alphonse,Reagan,male,binatesuds@hotmail.co.uk
w788j8,4lH\27bri\38m,Emerson,Krumholz,male,wheeledbets@comcast.net
rtiyxhadlwn1hv3v5837jp,4y087,Usha,Wingerd,female,palewisebunks@me.com
cnr71w076p3uf01g17,5_2LXb92CFAzn\0Rpz,Maia,Brieger,female,staringweighs@yahoo.co.uk
enykkvge178,1Ep5gHcq,Jade,Oatis,male,skeighthora@gmx.com
q6p70d,Y4Rtdj7^hyt]9_TGvzR3NX\7NWIB,Kizzy,Rhule,male,atiltgleams@me.com
fkbd30853,UCR`lF<e08W<5ewR_NMKWf_a,Tara,Keiswetter,female,opecleo@me.com
uxs7khb9xl47jgal196drj,>699X]CH<m<6MwfZGCVc@7=qnZ@,Shaunda,Mcgee,female,puirdebbi@aol.com
oj1cwxh,>bn<J10Pt3,Elayne,Rebel,male,quitebefriend@email.com
b7l8g10qr982249s,]WlPrSVUzuP,Rosina,Fergerson,female,chancegremlin@verizon.net
da3oz9m20i4f41483i52232,Jll?J9KEGA55UpjevKI,Joan,Babington,male,gummeddeane@me.com
s0v64z12n4mc992lyyl,Xy\nGwMg><TOH7zNiq_Q_E,Yong,Sansing,male,grabbarney@mail.com
epl103ui446i,ub`csUvAY`>fhHn91ti\w,Coy,Haggan,male,neapeddeary@comcast.net
jf1yfz66z691e95aga3fvp,=wFMdK^YEH=zwV,Paula,Zari,female,frailtracy@mac.com
uxm5xvllh6g,jX3BY[w\I^a_V51E8=bu6I?Lr,Harland,Bradfute,male,goddampuns@msn.com
gb96m3v,SgfYePu,Leopoldo,Glowinski,male,nutsrandi@hotmail.co.uk
uxwm14,3uHX0Q9L,Lorelei,Gilchrest,male,hippedfreida@comcast.net
s758xe693w,xdJ_[zCbkFQrD,Minna,Groton,female,runedcento@verizon.net
fv8qz6,WiSW<`7nnu^Rkz7>K?V_a_zAERTl=,Man,Graver,male,weatheredwagar@msn.com
te0jy5u46fs75m8q1,<7t3aFrY,Arthur,Baratta,male,scarceshy@live.com
z00ttou,8ll@TdiG]LP0@I^Jk@R8s\?bcpq]Vo,Clement,Bowens,male,bungdoretha@att.net
twa1ky1u29mc793e7x1135n2,89aa2_Z=rl0JQ3vRx<2,Wilmer,Tuomala,male,plumpgnaws@live.com
s86w0ru0yk332j4z2au,\Epj1Isu0<DynC^bEEnQ,Ed,Skar,male,flushperfuse@email.com
t21b16y01057hv25bl68y3q7,[csD9QxMcqnSByoLZHKiDP,Emma,Nater,female,passedcollette@aol.com
vckg3j9,J1xK4u3lyGhYoS\2axj>UK8MR^7Yp,Phyllis,Kaeser,male,waurpropounds@live.com
y9gdz7f3pfec80kg0q2,YcNYUx[xu12uiDy=uI,Santana,Herston,female,snideeddie@me.com
t55us00u81912h4ts41,ZGdAh4QazUzMX[E_tK1DP`Y,Foster,Spainhour,male,matkris@verizon.net
j8qno42tyv3n049wk55,FFB?Z[@GxKXq<HqROrk`xj4rDq,Titus,Kanosh,male,busheddolores@mac.com
f0yjgic0ztos35psl5yxrj,nfN3KSn9TnE@`OTXzg,Rhonda,Shido,female,shutabram@att.net
nx801v,2>Qm^z2YAj5i>P7beG08fbMMW?Yf9MYS,Sofia,Iredale,female,neapmacks@verizon.net
tq2435d8ocs5v,V4Q4psZeZ,Chante,Caseres,male,oversworn@att.net
iffirh9w69tv948xl9a8,\rYJ_\,Russel,Kindle,male,frilledfengler@gmail.com
ha84wn0de89wwc5pap20p,>u9WeR]XfwxJEqcKN27Vl?q,Nolan,Hubbert,male,blahjamal@mail.com
w2k8aze24e,Doe^iTsHm1Cz,Marleen,Goree,male,vaguetribby@aol.com
m7p0ldqxa75plgg9h99,DdUK<KpULEPz_`_e18BGPBuG@I,Vikki,Ferone,male,litginette@msn.com
b0x2xq42jv74x2o,J\aGEig`bE^Y1WZ2M1TE]4`umV^>z`?,Arianne,Starke,male,statedkoenning@comcast.net
iywbmrgizk0f6l1j,9uCwQ@x]VW8?>0hN@6yV76q9cB,Rick,Pry,male,foolruss@yahoo.co.uk
dw5391huwl4e490nb,VveJ4h9Cn\^xa\U,Geri,Fullbright,male,miffedken@aol.com
q4yp1x74s2zggf08p36x2,ENPvdh,Cecil,Toone,male,creolelaurendeau@msn.com
i63b21po9w4b9,MdDw81Y\4z0inw`H<[y@9lVfK,Guadalupe,Pastano,male,sedgeddeon@yahoo.com
nu97s7757u87c0ed,B@Ha1s8>7_]h_gOB0w82ncXxP,Jarod,Ravenelle,male,thisperspired@comcast.net
v1k89gm9,GnXmqMXQl,Natividad,Osland,male,kemptdorothea@mac.com
m389e4tf04oz9zf2qii7,4KJNV2Gq1tvif,Clark,Olivar,male,blearroxana@gmx.com
wr953d8ijn5ye976r,bu9r4P8i]]Bz72JDRE8L=He`lpYX,Kirk,Aumich,male,froremegan@hotmail.com
a7u4y55vt94fw7,SMS<VzkI0RwR,Racquel,Demarsico,male,stringedjaimie@email.com
e1j1jz6tfzx08w148,m`jvAvthsSynXbbfojXQFmTVn2P81Yq9,Shonda,Kury,female,touchedchondrite@gmail.com
u7p9kveax68x2w02345v452,g^fIRSSte4[nu`8S`CmuW[9,Mac,Matlow,male,plushandre@gmx.com
u92km510e05i1cqfvq3,go^PGzWHj[jvm8UF4ndOYzAxy>M,Cory,Mainey,male,yauldbreadroots@mac.com
m666cy49rk1,jNZipTTTS\BP3_R?OlU<,Carl,Lostetter,male,dudmonica@mac.com
xqx9sq3,K<qxbE7kzdgpq\awN@B>t6p,Eulalia,Nogueda,female,plumbtruman@gmail.com
sr84xmnx166,_8m`At3z3]yL2iQtKDx,Princess,Commendatore,male,nearchomp@gmx.com
fkm79787875a3p66i8eu,TMI]X,Leisha,Bowersock,female,beneslinks@yahoo.com
wtx3dhj36q9ad5r,H70pLP_Y1`y=CfS,Francisco,Lardner,male,doomstopes@gmail.com
ud2391b3r77bt6yfmj7r3q,1P8n7geg6hF5o]0BCyeM0OXj?=Qbjv,Criselda,Pawloski,female,lushdeon@mail.com
andol4990l66lq7li4b8,m8T[]1njDJyKCHfe7[Ah,Mable,Dille,male,boughtendawks@hotmail.com
uai9f89405n8,8BFrV<0HAIEQ3YoACNVYwrtCw,Mathew,Corwell,male,quitwanca@live.com
e9uj7f521au51m696224yg,[A4^y]Jasn<6pG`RE_eW,Wilford,Opalicki,male,quitstracy@aol.com
d6prfq5u84c5y628k39,tchQVdOdxS[GmxEL0^nF@YpbDYE8m,Hortense,Brizuela,male,stemmedcoral@me.com
c4m7d6i2ig4zcptnu9849qb7,y8lS^f^K@,Rochell,Belongie,male,foremoststrife@hotmail.co.uk
oxv2nooewd7lou,3\5Du<f18Dyo>J`6gUeBdygbGwc>dF,Elizabeth,Belonger,male,spoilthobert@yahoo.com
hr4cfr0afq0k,UtKxpb7F6[Js]rhs=][JhAoeP7[,Brain,Juras,male,likecures@live.com
kll96b832xgirl393j7,SHgIpm8,Dedra,Teschler,female,vainlyfold@verizon.net
k5h43h3p89fa8394s991d,emB>gJ0^HSdIAar\\a\S>,Prudence,Ginzel,male,stalkedgroundplot@aol.com
hd2akz86715445rso1l,IhbYbB`8^C2F,Jerome,Banecker,male,weeklyreists@me.com
j1tjhry2jp,AexlX1`bh_,Sommer,Galland,male,wondeangelo@me.com
ih35uj3w,l=QQ5hvCYXJyl5,Nana,Paster,female,fatstanes@yahoo.com
th4t790zacjc967z66cnq42d8,QWAZqBu2C3LvBh\BL,Kathey,Kicklighter,male,brashpaz@yahoo.com
oavw286k443bn8674zb42,a0c>q9P<Q[KP,Rich,Dicastro,male,switch_elenore@gmail.com
hy5p1s,aJ5kZ>?ksCaK^2U`sWc=HlMC<<6Lcy`x,Adria,Burrill,female,kitschadelina@verizon.net
e3bxiuy1qs6t9x4g9f118w,@wF2W2DHw>Hni7lSC@9?,Lindy,Dundlow,male,voicednigel@hotmail.co.uk
j00cy4hzq6q8o5z10v8y,[0_Bt8W`ODw3gf7hwjjxZa4ye7_2lP^U,Blair,Schimizzi,male,wudlance@att.net
s234z51x6q1qh7983e65,`OBajJ6Unn@HsFAH,Lino,Wilterdink,male,weedonnell@gmail.com
xm696c01k5,A\9KuXZB8T_J,Noah,Rodes,male,thuschine@gmx.com
go7u73it16w5e076my6s,wVM`Tg^DP\n,Gino,Caouette,male,lefttag@yahoo.com
wp64i54t85bh94d434,N=nk[<U0ZV5G@tElzOLlC,Juliana,Yockey,female,duretethers@msn.com
hf48j996296l934b900zoh089,fgGz4^tWrHHOj6n0qPCdTpRkpo4fq5,Austin,Meurer,male,whelkedprig@live.com
rdfdr104dd4c7ed4f4m61supa,iodg<Js96o1\VcKh2rmh`av>viE^52F,Latasha,Ashbach,female,meetchristen@aol.com
sqb0zo0q,bT^mLdzRcZ^`IF]d9`9iIIKkUBzz,Jolynn,Dort,male,tritelawanna@hotmail.co.uk
zaga3weew8,VcRbpu[sdwKtLCyeTW_nZ6g`G7[fv,Leslie,Reaid,male,unshorngaler@yahoo.com
t33sqce1217pn0r05u6kd3rc,<[aN1,Hyon,Bankert,male,foiledjonas@aol.com
g0b956,`ssGCYims1G^tlB,Birdie,Wetzell,male,voguetaunts@verizon.net
w1bolr98ax2,ACqvxJe^6Kr4T`]NR_PCG`F5ELOKi,Lloyd,Casciato,male,workedromrell@comcast.net
g73ea8ar8u6e7c9ct1o,Sre]^I?oZdIU,Sang,Krudop,male,unpavedchay@gmx.com
z3izlg5r992680wsa6l,a[ti?Z^KDHtW<VO>B6B,Ana,Tudor,female,benttheda@att.net
h64wz0xu41j9cv7nz8,8O[IZ,Elvis,Eyton,male,chancejackie@msn.com
kxmwj8v1sxm3wy98pz,Z`kxYDeEeMld7z`KadFii@WQ_Ac0a,Kristal,Verfaille,male,limbedkatina@yahoo.com
f91opth7,AHiggW,Tory,Stotesberry,male,welldarwin@mail.com
ehv6452u2un72tr,^Mt7otZ`fp49H,Rich,Bodo,male,tauntbillie@email.com
k95d6vc58d8a1u,5FlduDTC=F^sJRqgv_y[va8H[bHQ,Lajuana,Hitchcock,female,wedtalisha@mac.com
pzbs2q2u1l502f4kvtd2oe5c,K<u]GpPdZ]zg8Cf<xXBCYHC,Randall,Riesgo,male,primcrays@att.net
r15id4sniip7e6,\Izi7Z\DmC>BUHj]1Q9N=fyl,Clement,Stemen,male,workedbrandon@gmail.com
is5ceir,]K3eM5gcWPfpnj`GgUETyQ]\Op,Doreen,Applewhite,male,splaytobi@comcast.net
bd453au68n5hmxwj871,8ab4=QP?dcO\tyWog,Noemi,Muhtaseb,male,kinjulio@email.com
nyt079rvs4,@W`?7,Shakira,Cruey,female,brochskotnicki@me.com
tfbwa5o71442pt04,Wef001X,Ivory,Larcom,male,nightsunclipped@msn.com
j7q68qgiqmtrqhiix1984,ciGdQNfu@swN,Michel,Mccoll,male,marledfixers@comcast.net
nbsy61hyj4y9nel31h8,S@NvYDj2sOZM`\3ePfFeEw7_Mr\,Glen,Mattan,male,pileddellibovi@gmail.com
cua6733cic2ii8o,KUfeQdGhxvcty<u25?_QwDK^7a,Phoebe,Apel,male,glegcharolette@yahoo.com
jehnc4n557o7n1gtv9aa2ntxw,>dcMycOiwV6Kb,Ora,Gillom,female,stalkedroque@yahoo.co.uk
had7jf8520ux9y,gR8Vvn,Angelo,Bundley,male,rakeddesmond@hotmail.com
u25292lw4x6flxzu8329a174,vYb9QEArwHr=Z[pc[Wn=S3wh6zv2k,Collen,Lico,male,fabviviana@live.com
s83r031807x,>oWht0JtbrbEMo[,Kayleen,Zacharewicz,male,piddlingalcantas@hotmail.com
d0d865ubg6039,Zp^lb23OrctkqbFC?,Barbra,Chapel,female,conceivedcovarrubio@gmail.com
ul16io45f,?^mG3X6W=N2x4iotmqtV^zTZ\DsdNP`=,Jami,Vassell,male,whisthung@hotmail.com
kwp78cu1z8532xu,Wd^jKIKlT6iS8Ej=C99fmA1z@7ZzT,Hal,Demko,male,restlessgreuel@gmail.com
jk38s5b5epymidq0t6km,KeiYwpd44=L[h]]flLI1shihM\9XUBT,Desmond,Engelman,male,scathingguile@comcast.net
z4fcq9476ex62hp4,NdwW5qWeU1qnoe,Rutha,Serfass,female,twinnedtanisha@email.com
f7z71c8i6k,oo\I]<d6s06^Vo,Ivelisse,Beales,male,upwindmoos@comcast.net
oi95zw1q86dbpa,YzzLbCKJFzpki,Alyse,Laughman,male,somethingate@verizon.net
tp4du0b3echx,lhyarW3WRx3qNG,Pattie,Arguijo,male,spiryflus@verizon.net
mvq68u09z,2?u\od<jcrL,Marcelle,Schutte,male,percentschuele@email.com
f6j3u76q4avcc7w,I<HoVsiSYUrOEQ8WhUOf=bf,Kara,Deback,female,nighdither@me.com
x9qdj91249,Tpfn<U6JZ?Kl0F0gkygSQ4]fZf,Dirk,Werkmeister,male,sappraams@gmail.com
o5bsztz41le2vh490iare,@3h7V^NT1^LdsJ4h<x3qgMc5cjr,Earnest,Margan,male,throughcymars@hotmail.com
qf2ht9y8riv4,CFuVrCqRbjj7ArT>xp3yM`8b8p1i,Miguel,Ordal,male,bleakneish@mail.com
mrg32du6od5hwj4a9au7uy,4QK444GfaBUcVaqYa>0nSJ_kJX9WlRH,Ernesto,Vasallo,male,blinkingsabean@msn.com
lf8z5j1fv7f3gp3q0,Vz0k7aPsx=AJlBxAv=^nwbkg`^o7?,Melissia,Linwood,female,feyfoul@hotmail.com
v10su064,o_Iad`5_R],Nathaniel,Hanstine,male,shymarkus@yahoo.co.uk
te49f5s6,^GsHGO7ym,Nell,Gierling,male,sliestmicaela@me.com
b1z92dv0h51m26mm66u9s17,JbpJ6w<TQHI2<,Hedwig,Flucas,male,breakneckdraws@hotmail.com
ie0jo4,ajP8iTFc]7F>W,Adalberto,Annarummo,male,wittinggobel@msn.com
iizm752mfp7,>D<u@6hB1R3QsIkDKf,Catalina,Montcalm,female,cheaplee@yahoo.co.uk
jv4371yaa1w28e2,\dSvTVthu=vVgTSQy6cyrY@qR?gzms,Blythe,Ramagos,male,slainchet@verizon.net
k6vaa5t21pyw8y4q,aE[n_HV99nuKjusux2M5,Jerrold,Hamed,male,uncockedzehnder@comcast.net
z60g1l9b53x,SBx3BdANIUf58i12g^[xy0jcS0wDcY,Manuel,Compeau,male,vexedbridget@yahoo.co.uk
fdwlfo68ig5o39b51,hXoK0L`^XY2pRxtT,Otha,Schwering,female,nothingfares@verizon.net
e6b2a85n2,=f^H]H,Emogene,Rudig,male,gummedmauro@hotmail.co.uk
pu176h,pfIOU=9o>sT,Kacie,Cratty,male,nightsimpels@gmail.com
f7ra71oq,RpVE0]33Li^LY^rndI3L,Maximo,Ninnemann,male,couthjosey@yahoo.com
d869bk78,A27Mpu9`9zO=@h8>GExyAQ0EqMB7L7x,Doyle,Maestre,male,thrawvannessa@att.net
mg5axdant124i3d75q5h84111,94d\oFmi_7,Steve,Trotz,male,trimcocoons@hotmail.co.uk
kh42vrfo6r0rs51zx97p3i,YvR]7vD@=S>yO5F`Y2Z>F_7xhx,Karmen,Lionberger,male,sparsebarbie@me.com
chxdi1u1xqzzi0u6,BogWhm7jUVfq__8,Pinkie,Geckles,male,stalkedluigi@mail.com
pdd7uw,qRoF93,Jesse,Ebia,male,flowneliseo@comcast.net
u345d45ktlgts613,7IlmEMdoZNE]dLXUCUSoq,Rogelio,Griswold,male,flownpreston@gmail.com
w75g9m63i3fft57r6p,e8M[A]7Xn,Jerica,Strandberg,female,daftlystrolls@hotmail.co.uk
jo7ux867l99e82pe092s2nv0v,61Sh9F5Zf,Alycia,Palmiero,female,limbeddaphine@msn.com
d389145,=vhwmi2m^8cm@NrBqrUFrrkE,Billy,Tarlow,male,lithelyskirt@hotmail.co.uk
nv8epe4lo76ros9933w1673r,<ukWngLBx_L,Alesia,Duhe,female,mannedmilagros@mac.com
pbq8579fji6q,jMlKnglUqHAyjH]zx8`=ODK4KswGPyfB,Douglass,Kil,male,superhelena@live.com
mrcz538sl1a26309177d6,pO?N[6SKHOsNT5C@ZpFPaSpPMPu,Karri,Vasek,male,frilleddorland@msn.com
e56nd91v9,F?hk@RX[7aM@YY,Mira,Liederbach,female,strictviolette@mail.com
e71zhc8988e7,Qc1G6NGv?n>?=^<k5Az?a\,Leta,Amodt,female,tinctadrian@msn.com
u00o8c6crf2p83,OrY`Hwal^KXt7SxoW7\0iuk\]g<qkq,Noel,Stagno,male,vexedmariano@hotmail.co.uk
vqyf5181ipov5h,rF>^=vla3[>ME,Erlinda,Orgain,female,spentelvin@yahoo.com
v2r4y91clj51d2ap76,k2KRvCxe850y9Q4i1N3ANRar,Allen,Crudo,male,doiledluana@yahoo.com
l18k6o0vguvua8xyzy5rnu,x[f0l9qWlalLy2^s7w^8A5,Arturo,Hilleary,male,unparedpeins@mail.com
atw935eg3,xROh`zj3n,Jacquline,Kellner,male,bareraps@hotmail.com
eu2bb2352cp67,Qar8=TSH=Naj@RxTHeg2FGxn,Coleman,Rathai,male,sizerosaria@email.com
tq12kq56h38ucm2vgrf,@]NV3XijMkqOd?o@=p?W]]W@08nsd,Goldie,Warmoth,male,farmelinor@gmx.com
vpt4k2npxdo48t0rge,sOtx9t4a=Cxls,Coleman,Wareheim,male,toughbormet@mac.com
nit69nj0sp733tvc754tnd8i,^Dio[<fyy[dB>Zr,Jenelle,Rasbery,male,crassbrett@verizon.net
cx46ym9g5h6a0p12s8984dj,l56NY2@=W5SCisZyaJfpfVvVLHA3E=49,Delbert,Jurs,male,meeksharla@email.com
qbgh38d,=thLDXMzK7QP5E]B3ua1QGGsR7B\,Toney,Langer,male,coolmarlo@gmx.com
t8fv3v8h6fk0613am7814x,LPes3mmKPWgi\hlMA\bwdW,Kirk,Roshia,male,boastlessblame@att.net
c744hctx,jMvN=h9gqo2Y?ySX71tzM_9TLV,Lacy,Ohlen,male,thusconstrain@msn.com
sr908n9r,]Sg580lMkc6A\EY>Mvkn,Brandon,Grenke,male,keptlupe@gmx.com
f4031w4f88,ppsh<R4s,Kimbery,Steir,male,languidkremmel@me.com
c790l5,>7v^vpDie?WHO0UQoi,Ralph,Balchunas,male,zonkedraymundo@yahoo.com
btb3c695h22b,=9dbu1Pe,Carolyne,Saltzberg,male,firmbinning@gmail.com
t0j3j2e968,nqD74BGPt^sP,Lowell,Amidei,male,fanwisetaws@aol.com
ap7yrk9eg5m2jcmbj41rj7uq,GVzK6`yyKxE=DcvK<qU,Kristi,Penland,male,spanglysudd@mac.com
u67h1jxj1ba9vrbmkek,Gu<4U2N,Patricia,Osmond,female,hexdot@live.com
a11lcromc14vrr,Jzis>P?oZSmp\v>AYTOSpeX3Dn,Leta,Outler,female,pushedkith@aol.com
ac4vyo,a1[WyLo8KZ[,Desmond,Bruck,male,furredbret@yahoo.com
s4wdsoj3455lt4ei68,i65[7Kza7Z4o8ROyH6rQiY`u68fh2lSX,Norberto,Villaire,male,ripeyulanda@att.net
k40zem37a1aywe5he942,HOWBD1gZ`ULSbs4TORd844?pWLZ,Delmer,Rabinowitz,male,maskeddamon@aol.com
l328ozpcjoc,5C]xLy7RJ8QoQtiHqRbY5^,Isaiah,Kiesow,male,gauchesmithingell@msn.com
zausfuy7m7895,`v1@7i4?UWB2_YuI,Luciano,Zea,male,lesscowhides@yahoo.co.uk
v49092ps9a,?=Fnee5u11@s\C,Renee,Smolen,male,erectbrunch@comcast.net
m8y36ir,zr2ngRrda39PrsGphMq]lY9,Tamera,Bardin,female,dashal@hotmail.co.uk
ei5lr4qduq4gez,NfhvBt@j42,Brenton,Harewood,male,senthunter@hotmail.co.uk
p39298sr,SkGu9LS0W8oQ?J0WV<DsCV@CT<87E3,Eula,Barie,female,slaphowl@verizon.net
esvqo7k6z6,2qdVEV9zO3hGspa9<3sZEA]jIign,Stevie,Holguin,male,birchjona@msn.com
n9erhhb050mbis,^W_3f>7k33xFi<xSNxof>yy=]u,Issac,Bouret,male,frowzyshetter@msn.com
nmo8jd4034v9vj37sg9,0vGQuM3xapaJ[sAkBz,Zandra,Drescher,female,breezelesspeckman@me.com
av7zh60i68eqolufgwf,\kp=q4n,Laquanda,Buttery,female,scantstanley@verizon.net
uv7h89vdg210x5075h,@ZSiCK4rMB31QW`FjP6uzlwlHf,Alexander,Hilado,male,slatedebby@email.com
ve57af82kn2cl939a1,RW]B0rB[IQR<,Reginald,Terkelsen,male,slaplooms@gmx.com
j44ld6i8880m963,J@935^EW=y4g6Q,Pedro,Komara,male,furreddonita@hotmail.co.uk
f23d3ktm3w9xin0xh1dv,STBMuQNj^N9LnfGKrPYdiGMhaJ95hR,Judith,Lawrie,male,grownclara@att.net
qemu1m8ljn5667r1314,xNnz6PepUo,Shannon,Forgette,male,groovedimogene@me.com
sh20hk3cd3x8kd2,=Od8D@v`KD9q@VQKJTNZ76<miD[FGAl,Alia,Arfman,female,stoppedbritt@gmail.com
clph9593rbvhp672u128hpn,FIq]Uy]v2@NSXn>]5iC_]dx=,Drew,Seebaum,male,gaugeloyd@live.com
x3j7q0cx6ptj90p5ap,67?t_,Alva,Bernacchi,female,yorebackstop@yahoo.com
az0c166n4yft8u3v9t41,<PqnWrvOcUAf2,Sang,Zamzow,male,throughpummelled@att.net
jh74u7g9j12d356y766,yLAptG\X0pwhI0_B^_it7V,Maxine,Lesniewski,male,bugsjame@msn.com
e9kh2157ofz3,VxgQdXXa6s[uCWbS^cGE,Boyce,Mullens,male,starklystrum@hotmail.com
eta1l3,JBobqthU6wn0flW7aDY,Rex,Mobley,male,coolsheryl@verizon.net
pk28751m048f,<6fSKEs>U<7lcVcB6,Patricia,Vijayan,female,taboohasps@comcast.net
bx8wk48b02x0s2e0cip,1JcaWgX28rrL2yN9]qiT=,Kenny,Dacey,male,driedgino@gmx.com
d8odh25y,sCxUh@C,Riley,Seidl,male,smashedsheri@gmx.com
kj226saa6,7Y54C7M17IogI\Tv7VUekb3,Delora,Earnshaw,female,meetstephani@msn.com
jegq372,ZLr9J^GpmIIw2I<8ck<5x_>qPiHMbk82,Linsey,Defosset,male,unscarredmischler@me.com
y3644id6z0b280u57gv7pyhm,RS\n\ub0jWy4xZ1C,Buster,Odowd,male,liefjabs@yahoo.com
i17prtuy0745234,m99EA`7,Devon,Mades,male,whistschenk@gmail.com
c87i7s2gm0o273fdv4sy,xWwlMkAJXlS4MLOT9_``a@A,Felipe,Inaba,male,viewlesslabier@aol.com
pda1w47z45k2g03cb01,nIS20P@B86Zqw6e_zy=n1M,Kathrin,Mcamis,male,naeunsticks@hotmail.com
xzg1wq323,G=pX5n]jqBc6=ZLZU,Chad,Kanney,male,foiledwilfredo@aol.com
d6b5axtirdx,=I6L@gfKZk,Daryl,Astafan,male,frailarnold@yahoo.com
e638j0w,DESmFMn5Ggn\KueOO9,Jerold,Trichel,male,incogdustin@hotmail.com
rgcmdd91l4l2bcog6up2,Yt\`9UET_X48@3^ScQyCa8No,Byron,Risius,male,jewelledgualdoni@yahoo.com
yi230y2kh645oj9nohjz6phx0,>Ew]0b=,Horace,Wojick,male,mobwowser@msn.com
nz3tyh,o2]c]gKDB[?DAK,Cyril,Fouyer,male,sallowshy@email.com
x2qr3g8m39,51hAlim\cmE_vT,Rigoberto,Keech,male,quenchlessmozingo@aol.com
s3mc2s9ri261aw,Hxb1g]ee18X=`wXjU]J_3Y,Vina,Boyce,female,swelllucille@gmx.com
u1u01k0m72,yITY^R9KikwjPB0=,Lasonya,Neally,female,earnedwinston@live.com
nrle2tb2m78vumzgtam5,G5BXrZrNnOHx6PcD0\EpKfjGM^,Bud,Minus,male,zonkedvirginia@comcast.net
h0z5c3,Z20pqSZA1,Aisha,Cordew,female,keptjulio@aol.com
lq48e0za,]hN1]9@vMlA<=,Steven,Bruscato,male,slatekevin@gmail.com
h661t7ngk9og5hp,s_aAA<f[^hcxo@UO\<0aysz,Gaston,Bohlander,male,overtcakes@aol.com
h303xgr026x9q42ib24m80u7,jtpgbcrCyTRHq5MW,Mickie,Maerz,male,trimcatharine@verizon.net
v956f3820b351eq,HyCpz@,Jewel,Mckenny,male,spurredreek@yahoo.com
v60sb81834h,ifn2K8,Keena,Uimari,female,popsrenata@gmail.com
n15e03fu3n29vv15,l5afOJ@,Arnetta,Belasco,female,larkfortress@att.net
qic0ds0u8w9dt2,OS[yx43Xh3P@8HEuMeLrd,Minerva,Grollimund,female,arousedrijos@msn.com
j89wd19u2k0rc4,a>vc8rw=dxEZoXksCTItO2nY[\`Db,Gertrude,Mcraven,male,earedfranklin@mac.com
y33li68rb824804o4xd,6yMtSfpJ8A4kl,Nigel,Casady,male,bonedcherie@hotmail.com
alufkmsx2fc7r8crb,5tu4dxi4wK<^W7s2uSucg?Lv8Z^Q,Oren,Vondohlen,male,boughtbeverley@hotmail.com
i9805kvnxsn09g7544,uf2?s^5PZL@AQcfA>D9LLYEH143Qm3>,Boyce,Ringrose,male,milledleisha@live.com
r5gc2dn04,36QWtQ=KQ0whsTofUI[2YN4b54,Chauncey,Gardin,male,crackmink@yahoo.co.uk
is861i984x9,`ixBFh@t`3iMH4]`@41^M@e4VAt,Antony,Musielak,male,stackedjoaquin@yahoo.com
d0vq2y4l69z2t9100r,SYT\zDmtQzZsuul?bOSYuJu@]8,Sonny,Akerman,male,tiredmurchie@hotmail.co.uk
x6h4sqf526b5x0u6yai62a123,LGJAJ[6,Frieda,Aler,female,flipgilberto@me.com
m1e33d9ld6l19lh7g9u,k><\qepnxqT7OdNVs0VM7LF>N9[,Nickole,Sortland,male,rathisaac@msn.com
nqj2h3c9e2m89s345z,FmDx=_Naie1K_eYre_`,Carli,Deinert,male,tautharoutunian@live.com
t7nbf73xv81033zhpo7x9x404,a3BWH0uUtfI,Chas,Kurt,male,scorchedobdulia@gmx.com
l3c83b515eo93,AlsK7QnpTw?,Erminia,Haakenstad,female,whencelancing@live.com
l0e4ih4i,3UrbpbOAoe_Q_IHbssV8q6zrIWEfWZ,Bill,Fundenberger,male,birchmelvin@me.com
qmtxx742k9v9upz,mfFg`mz<_V=_EQ\vnk[W,Elton,Becher,male,lownleonel@hotmail.com
ffhicy1y3eqjeo0v6po6,X_Fxm,Robbin,Ruggieri,male,vileetta@aol.com
sx22angobqp,P^i8F1MIXLc<LOWp1sPDGp@a,Erasmo,Delfuente,male,ingrainedplaids@gmail.com
s78446m06j8u26ewrn4wo3hrw,Upk\?uQVRNVq1,Carmelo,Novitske,male,lushlyplots@me.com
km59ir7nrm4ao51idr613,kmDf>[37eA4@y>x\2J>\oF81cvHOG,Arlen,Oeler,male,toughrufus@verizon.net
qaif4r2f5x,ocFBBGUS\WOuw@Ptk0,Bernie,Brackman,male,gibbedearlean@hotmail.co.uk
bgr5a7p6a4y3,S4knzzajpxB_Dg8M2=?=Nd7,Nicolas,Capshaw,male,plunkstrives@gmail.com
w170tbnoquq75319f267i7,z1[wMyIU,Ariane,Desormeaux,male,grouseungerman@yahoo.co.uk
i87x3u0x409,imT\e1ETWsKnZ2thjs[>gbPK21OFBv[a,Vance,Gubala,male,harriedjepperson@hotmail.co.uk
u59oz4n,M=<CRrBgJXpgpQOnn23dz,Matt,Campisi,male,sixthseethe@att.net
s98vm307,6ewjpJdpFq=,Amado,Coots,male,thaeofelia@yahoo.com
u7m44t3h74f4g,SW1[?8MPq6,Floretta,Stelter,female,sweerstoners@msn.com
g8d6gv8l2,TzLJy<HE,Victor,Roebuck,male,crackedalecia@email.com
t436u64l4u1c,[[8U>8KR],Mitchel,Mcnamer,male,ratheed@email.com
tpf6qbc6jf36a93esl5241,GOmocxDqOng6mY<^2I7JiuGDX5w],Geoffrey,Arrowsmith,male,cuspedmeghan@yahoo.co.uk
sdicmp571ku4le9uvrq,sikGnFIj?aAm0vPvT0OqR0Yy,Ruben,Urquijo,male,boullericardo@yahoo.co.uk
nb64gn2x,SZnMAu@90wu=q68cH6oaHM`I_,Kent,Kinion,male,parcelquacks@comcast.net
ri23j84,Go\bRG`xGkx,Sally,Flis,male,deftvannessa@yahoo.co.uk
thpf887717s7w4e6w48k,rRgon6pmPz[A3@h=qcMNxL=k5NV_120,Leonie,Rockhill,male,scrimpdarell@me.com
jtg2vwnug5930,xZcU]pgyH9v@_],Jamey,Rosiles,male,groovedmel@mail.com
mz6sn1k40886v99288z,Ycyx^EofX\D[yjrrnCh`1Dsf5P,Christoper,Arcila,male,attachedgazda@mail.com
q1jlin1he4v,G`DgAwXkYeZU,Mohammad,Waligora,male,sparecandi@comcast.net
pq9heyq,g_@W>rPZURMmK,Walter,Boothby,male,unpeeledhyatt@mac.com
fej9b4nd4ha,Nh3S1i?OB0xEEqVifvgOY[S`meQso,Brad,Mangione,male,lithodeihl@live.com
q4i9yq8cr3x4753163,42ofr\onn@dLT,Jordon,Canson,male,calcedtrent@mac.com
rx9u9l6wg7v,5oqEOvJLR[[erSgopSfI8I[a9e9]H,Kareem,Tecklenburg,male,shutnorberto@email.com
uf37093crv89,wW84ivN<i9^09jS=GzBI>if`ytoKE4,Rozella,Askari,female,thricereests@hotmail.co.uk
ryg078j79sle6872nho6dixl,jgXCm>tJ0>Nh?6ZfDtFp^AyA,Tania,Rueter,female,trinemilagro@yahoo.com
p928uu8w84l81pbz66w24y0ab,>I`nT<CHzl48TiC2,Janine,Mifflin,male,likepimp@mail.com
dj5u40l,GhD88Y8A>sf[Sqq0NjGJt`Wg0zLl5P3=,Mack,Archie,male,incoghoyt@att.net
w2e55h,M46IW2`9BSeH1COf@BBaatU,Tresa,Lookabaugh,female,liegebernice@hotmail.co.uk
s777zcl4o9x,NyHL7pzLFm4,Devon,Suma,male,squintross@email.com
d7h61863x93,naO@ZG=BsKcv6stY?4eqUq,Brandy,Boies,male,lamematthew@msn.com
t6sj4334ezppnw61,jo[nxsAoLPlhM,Jae,Hlad,male,stackedwiederhold@verizon.net
fixs7q7zf4x1hayt95144a64,=p898Fip_[QlmO0wwD4OkttWUkket3T,Lino,Feigel,male,oaredjosefa@hotmail.co.uk
cp48pg1qs2,1ol5w<VBHDuwzvYO,Alexia,Benezra,female,dreichlucio@email.com
t28z46l46,[I?s<^1pRPI=2cK@A[uWim30g,Andy,Greenwall,male,moteyborrello@mail.com
bz2ff0ja307da4j1rtcys0,OxIkQuMPT,Janessa,Eudy,female,taughtgalen@att.net
n9241zs1dw,S^ZDnbL[>,Alvaro,Shariat,male,lowsevests@hotmail.co.uk
o3kyq62184961qxk1o,K>dw_pnBmHhHoF?LPuhfgQiV,Magaly,Stayrook,male,stoppedkorma@att.net
u5881cg2,m0JQ4q,Alva,Gerdiman,female,fisticchaffin@hotmail.com
asq1e6457p6xl6cs169l2q54m,Rj86CqFD,Shellie,Unrein,male,boastfulfrabizzio@me.com
rq0e0xb,mbBcUeuLwy68@HyV3=>fj?WQ,Warren,Pafford,male,eathshoots@hotmail.com
pv2xwxuc0,bGNXdj\rj0ag77Z_vr17kwtlB,Shaina,Kolaga,female,thirdlytroat@verizon.net
ayf6e22eoc66k8x8zg3,=<1Z99l?j2O>xa=eueS>,Marcel,Wyndham,male,wavelessfinch@mail.com
z3s21d9qv007wla,n?nYxD_@T0z`gwv=ZLE7V@gZ,Ilse,Zajac,male,kraalschisms@mac.com
bicwc0e5g68oh4e44ls4p,2rjDl^g?8yQEIsfs,Abigail,Klocek,male,roanalanna@hotmail.co.uk
c1exq5064ft5dyy3xra5j,5X]VSy5@Q_LUPGE0=RF<CsRh1<aGCTe,Mathilda,Cimorelli,female,blamebo@verizon.net
y9z48e689ovlriz2d33e1fv,J@Mlxt1jSJX^aj_f8KE,Rogelio,Purugganan,male,weebret@yahoo.co.uk
lcr62l8z5mcti92b,u[f<GK\Us@KV,Brinda,Staino,female,quackpawnee@att.net
p7p4290tgm7wo7,<1OzTl2`d^_bDr51ezrrP>dv,Wilmer,Recher,male,boltgirth@me.com
pejwui6647ts9ld,[ccnb71467e2,Dee,Mcpeak,male,nutsirene@gmail.com
aius6k7w5cse27,NBAFH9RrTB,Jutta,Martis,female,thicklavinia@verizon.net
k629j50l8p5hck2,zfoH0I6m6MR]9\Qxhy<hK=7]LHX2\mS,Errol,Huppe,male,passedyoshiko@yahoo.com
l0kl1r,_X8b\r_=R0Dbrt,Felisha,Martineau,female,sixthyocum@gmx.com
l6heoqg9q4f0r6s91a6882,\3qPuzxOC9kexLmZ\W,Michiko,Swires,male,hippedcecil@mail.com
b0j0073wyw,NggBQcJWaDduW?BVYNEyJI>ZHFi9dLV],Isaias,Landolfo,male,bustezequiel@email.com
pnq5zw3s,^Z4OO<@E26TpQ8QACtIN7MYbV,Cherry,Jonte,male,chilllaverne@email.com
fmprfl,Z4V_XWjY7Y0q^L]q,Marquerite,Mousser,male,geymust@me.com
n0908w2pyxyr,nE6JSlpXBk6EQyN\>XsKiOrp2MACo@V,Emilio,Takiguchi,male,behindflake@gmail.com
vwp8hon32mo6q54ruc16,gp<J]^>`Eb>FW8BI6n[hj^Irw4rY`B[y,Johnathan,Pua,male,premorseswaths@hotmail.com
u5436i6hwomscr76056tm,Yw@fxpdYQ_g0E_aKv`SB1S`rtx,Eli,Bloodsworth,male,sownjanel@att.net
c0bir04hy4u4r9kx088m,4m8^^\r=,Teddy,Engroff,male,yoremoulder@mac.com
ol3mn7y7ah8h104fs6,Nx<Fc_Ecj,Ami,Kresky,male,likegalletta@me.com
lx3o4oi9l5k8znml2a285xd,UIaweF8x]fMo<ShKq4NxEC?^HF,Stacy,Stead,male,cutejonathan@hotmail.com
c56cmi5z4s27387e2h5565,Rmc\FlRMUcYskbuxJFnD?Kd=I2jQ?o,Ivette,Runyan,male,founaylor@hotmail.co.uk
y5j6rwo58532rlfrz,mUFpnl77T9,Eliseo,Lafluer,male,darnedvalrie@gmx.com
yxt9hv7235s56,hnSw?W1pHfI0F84?,Carma,Woosley,female,interdoyle@att.net
jn8dqa3960pbo,dk[@L5pYoOSTxIpw9AeQ9jynZ,Gaston,Vencill,male,capeskinsalve@gmx.com
nj5n98589,lohY1fl]mydA?t5qcpS2E>ixOE^B0,Levi,Maleh,male,fouguppies@live.com
g1s3942ccvva7463xk32l7,@_0j7\[4pD4TOPZNs,Nicky,Lucker,male,stonedmarquerite@email.com
sxl45lub6q427y91yi235s7t,yR2_f>og0,Brent,Shrader,male,loudperjures@me.com
v4aac1fg330am72sirsh7o6k,AqsuBZX]>Kxqzq4U@reGn[aqU?HncZY,Rayford,Susor,male,unshippedotwell@gmail.com
qnqr9by,psFr3,Tillie,Manjarrez,male,atwainsleeves@me.com
rt05t3311vz9a1tz9ph575,5dw[uOHzr7t,Enedina,Policare,female,foggedrosendo@att.net
j7t9vi0,eaj_m0az9A0xpQGD,Vance,Pratte,male,ultlewis@yahoo.co.uk
l872585am4y001x114dsyz36,1V\47StfN7QI=Gg?DGz9Je7[_=`<z,Larhonda,Gadd,female,awfulale@me.com
hf4483r,\j[1gXS4VL]w8V7<u,Yolando,Burlando,male,waurgybe@me.com
uodf58h3,=1KrzEL>[U19>jDnkCpPvt<td?P[ulA,Augustus,Verlinden,male,blowzedward@email.com
kpj3h30xgqpvi29g4e7,CBUW1xN,Broderick,Ryburn,male,ovatecosley@mac.com
e7177p66pyx0129zt9jju,1o=ojT8T04doYGbIOVjSkm]CX3qH,Jerrod,Verderame,male,whenprys@email.com
xyspch48v0b69u70hj,ukarmm9oByz<_atyevcX6L[aULa0,Suzanne,Roanhorse,male,buckednelle@gmail.com
k83c433u19dj61kc,McfYjPn1twJhsAd\BKl0z,Wilford,Shirer,male,mairalida@hotmail.co.uk
naq4723yfk98n7b77,KW95XKgCWOz]dp2d,Patricia,Luvian,female,buffmargie@att.net
y0215405337qz208ty,01AQMR`wXeSPt2^@,Stacy,Kessell,male,drollscathes@gmx.com
b7278c1j,]Ukn5dMBzQaAg[elA[,Jill,Colding,male,refervest@hotmail.com
kbhvsp81,E?[bfyx3Q,Isiah,Challen,male,crooksorells@yahoo.co.uk
x11g36595fn4zh441fw6e54,`@XQoMqg1NCP64z>@iC>,Estell,Jojola,male,storejarod@hotmail.co.uk
cjp3b65bq40yq,\dDL6vecLVdSr<H1S,Belen,Gulling,male,sloshedvaughn@yahoo.com
turkbu0gqf5eeek7hj,XcjKkAZQc`5K2wNljEMzi0e7T,Emile,Buffo,male,brainsickmillikin@verizon.net
g71sw3h97n61w,bQ[5[vsOMvJmR8aG7SbM=TZ>R,Joesph,Ryckman,male,mustal@aol.com
whh2fz7r85373el,JK9D\Zg4fOc=dJy]FlT,Gerardo,Feighner,male,stownlinscess@aol.com
rj8neb7g8,AQYJfskkw,Dewey,Skea,male,strewnotto@mail.com
m053jel28z61kvgs0vx,o\p@JuA>t,Marty,Jimerson,male,swishursula@yahoo.com
n3gsk817725,>ZdxaIu9]<?Xu9AfECd101=Iy4m,Lenny,Szafran,male,taughtdwight@yahoo.com
r70014bn9id,LuzFR3>QBdbkEFURKOtjs<S]?,Lola,Yahna,female,waysrefer@hotmail.com
x7c88600x,P\AVgWyaThSY?3uRbR7QzCtW]y,German,Dunlavy,male,suaveforints@me.com
jptvn1afr9r,eI^CW,Maia,Brostrom,female,proudprimp@yahoo.co.uk
vbj4m49v6s5wj70y8,bw6Nkck0=_SlUsN,Ashlie,Sancrant,male,calmnilsa@aol.com
j9y4529i0zxy356j0q,q23OXXrseHXyHeleM]cKLK,Renae,Im,male,cheap_hemline@hotmail.co.uk
z28938cs03o805o99w,Fj<do2w`=5N`ltZ6k>oX?^yQpn],Miss,Enslow,male,foiledesteban@comcast.net
q2333n9177dne1,DIM?X^tviCmjEZehkI2R439<P8h,Luvenia,Grano,female,loopedtillie@yahoo.com
ge6vpmwr9x9en00a,b7xYV7@x8G[w4nV,Carmon,Estepp,male,coolmartine@gmail.com
r0o8a296,peXXLWS3<V`?FYcO[0,Maegan,Bouse,male,hookedkira@comcast.net
wa4937o54763g3us,>ER1hDl<1v=S6o4slgPUFu,Lance,Melstrom,male,couthsealing@me.com
g99cm11fw0e9n2o78u0n2,8C6yR4_itP?Mgya\n?lFSHG6,Brad,Steeno,male,blesttares@me.com
im10x62,OqgDsM4MUSITQW1YF6LD0V?dS,Cassandra,Bulwinkle,female,blahborschts@me.com
s871qhozc17qwqfsmdz5,qTD_WD\D,Drew,Mccartney,male,soughtleo@yahoo.com
b6xw120021corhzs914olg09,dKEe<P^iX1SL=KmqpqX<B,Kati,Limber,male,rangedwilliemae@yahoo.co.uk
pqzx5x25ik51am49c8c5lhee5,YsYNlT6eg,Julia,Wilging,female,piqueaileen@yahoo.co.uk
wfixzl,oaCdx4fk_V,Tameka,Longerbeam,female,oncedouglas@aol.com
dsb4lrdzh432eq5ts9,G18_`l6?S_9S?DI^5io]8diHC75,Latrisha,Rampley,female,prestoswaldo@comcast.net
ox8a3y5991cc684n8c4cy,mG6gCP22LmfvX94995^1JtOMMK<hr6,Soledad,Obrien,male,louveredswatch@me.com
hd12w2k341l3e,K0p^0g4zrYUu2Kp47Tc7Te`w3,Bridget,Nicome,male,brownishbocks@email.com
g9x152tcej97cs0v,Yp1mOCAbyJQpWjDrca=v1Z1n,Laraine,Pfefferkorn,male,sneckedcalaf@yahoo.com
dr17274,l?nRi20CGqU2u_dKJ[D4]I,Antony,Duque,male,darnbadgers@gmail.com
l7lssg29gn1n5niszb,\0>fxlV]Mv6Evz><uS@cfT[,Hilario,Dotter,male,zonkedphylis@mail.com
k4iasy9855nh50j49,UNyJ^3jIv[uZDVM,Young,Bryans,male,derniercafourek@yahoo.com
r0k7ga3,zV9Cn2sf2Rc4T9rpnEI,Sharyl,Dantonio,male,leftsteep@me.com
t2p8ir2,k2EdQmP`PUKYL\lS3l?xf_D,Cody,Kershner,male,gleefulruh@yahoo.co.uk
phghjgq01y85,@Ugjky^b_q,Mirian,Foulke,male,toothedleopoldo@me.com
r8k44m33pn99r2xtcp95,o_6SbxWcnKGDeBtJP4,Alecia,Oline,female,spangcaches@verizon.net
tg5y45bxn,a@8_loq9pXt8BiAmr\@g,Tyrell,Biagini,male,crankdomitila@msn.com
a4648em30hsf89p52gg7y189a,@4Xzs[b6umk20DUz4qHkqY_jEo`fhPe,Demetrius,Faeth,male,voguekandace@live.com
ufn7ow10179x9jj2a1,6kshrYM27l7@W0vtoxa,Adriana,Scanio,female,palesurvey@email.com
d716g9et2g2d6,=QeGgdRC,Orville,Blitz,male,ghastbarred@verizon.net
j7dnkzt9n392r87e58l,Rkvru0Gkp,Lasonya,Gutgesell,female,lownelwood@msn.com
b0942vo4558g,1Mi<p?n]EVdDM]syF<]mS99leeu,Noel,Flotow,male,wedhasbni@me.com
ux9830usc7u,bGJL@Xn=Ott,Waldo,Huhammad,male,sedgedstahlman@hotmail.co.uk
bd2v01nr49,K<=t6NON6\N2ayj,Dominic,Dargenio,male,drollscum@att.net
x7xasd00l38k5t6m89166f5z3,CQnq3ulyZYZa@<@NyeeWuZJ,Jonathon,Code,male,askancedrail@yahoo.com
b968863ei4q46q56n3422exm,GwxP[bLCr5,Buddy,Oreb,male,fainplattings@yahoo.co.uk
zk2ph82x32t8hi,cQam^i?ITxfkcUSfsFA[^bw?1\Qtef,Jc,Forero,male,aflamerime@mail.com
pe9h0ig92s7,^86olymDknY5oTFZYNDr,Arnoldo,Benke,male,nowfright@msn.com
mwq1k86,3b6N=hXiA1,Nova,Goodenberger,female,blestguenthur@mac.com
h4zwsw9b5mjqq4whlmpyc80wd,QFGScExWB3_o63H36mp,Keith,Mulhearn,male,measlythrust@me.com
j0145rnu30u735,HLl_>MAI2xyPQATn36SWjJygP6V?,Alita,Trubey,female,unpolledscatts@live.com
ozwac1g8p7re30215,[nu5sju5Dc`j2EdMOmI=EovL8nDkgAa1,Mariano,Mahaney,male,bungvizza@gmx.com
nmbmmm0m991vcp2c02xa,PTtwm3d83D@FPkU<CTOh,Karmen,Gwalthney,male,rakedswanks@verizon.net
n5kks3870j4j526z97,^Z8n[Upv`3n,Travis,Doukas,male,spiredpachlin@msn.com
l0c4g15ofblxfh,vQeF^cpqO@l,Tommie,Ignacio,male,smokedraymundo@verizon.net
k45fd97w76j,[8i=g9VDZLNhQ90k0h29Yk>>IIs<j,Elsie,Tecuanhuey,male,bonedbrink@me.com
g8jiqxe1078,Gw124@pKap7>Y,Russel,Barbaglia,male,pluspellow@verizon.net
e32068487lvm6b3z92r7,Dk@Ed<P,Johana,Mayeux,female,outragedgalang@msn.com
m66197e8974x3kt91l3y,gSYcZREim?V]B8\CV,Rutha,Fodor,female,thereathoops@msn.com
qut9r62,k5J<4\=X_yqBVfjKBmq=qhFDfmk_kCO,Usha,Wicklund,female,thenbart@aol.com
ft131156qc,IbZx01MF7KPW\,Kaila,Beougher,female,cloistralcig@att.net
k48fean05hl6m8qkf,Cpzy6]oFTy=KQz=uOojaFkU7ipHPMG[0,Jame,Miyamura,male,forcedrusher@gmx.com
w89t1gx6m4k,ZySOvV2xenVo4Fbu,Myra,Laven,female,nettannetta@yahoo.co.uk
j1t2442418,>i\tIt0C,Wilber,Bue,male,firmamahs@msn.com
q305d8a5yscwp0,4Pxb^Tdx?Ck,Gene,Pevehouse,male,wiredluther@gmx.com
oqe8775v8628ctf7jz1dq154g,D7jl4teBHzXJdT_<8zE7NVz\IFCFwuLL,Joanne,Bierod,male,lissomemacconaghy@verizon.net
u553eun4g7t,ILQJkdP^qVUGI39<?nx2P,Dudley,Aron,male,crosswisekedge@live.com
f2pdzus0464btp,L77^ZZpvFwSpchiD@e3iTRqR,Dominic,Mcandrews,male,chanceraisa@hotmail.com
q18xpw7domp38l8vh7g2gbb,Htf]2vw[A,Roosevelt,Belinski,male,bothsharif@yahoo.co.uk
m26f5e,EITG`n,Fawn,Mccarson,male,trinederrick@email.com
b0msj9b0x7h2k52,Z<2VtNdapFKVG\,Ryan,Sickle,male,toomquotients@aol.com
b3jqpli45is0el5000y,D5ZL=CRC6W,Katharina,Emrich,female,preachydreck@hotmail.com
lq2bcey41v3140ke003uhrtr,d`Ilx,Sam,Monts,male,foreskellies@email.com
apmo0kvln8gm0a0piwa1l7j,`rGGoOcVLzKOUagM31@hUXET>um0,Kim,Frankiewicz,male,supinetote@mac.com
g7698xr6k90h79b,K>tJd]6D<rZG?^fZl,Johnson,Aluarado,male,stackeddebby@gmx.com
p7s1g8,^xy1EOvbHaxNtVMJqv?D3F7>rr,Herbert,Cooner,male,skeighjimmie@aol.com
vdvuvkk,xLVgx=X\U=[ke_F,Clayton,Keets,male,boullebrimley@live.com
d6d5c521gnrp88duk,Q[VyGCj5bL,Chris,Fontanetta,male,spurredshena@att.net
p6p274f,ztGZQlYPe8Fno?MN@V,Houston,Stamp,male,taillesscadge@gmx.com
a5awa8k2,S`^r^^9sqm,Veola,Hapke,female,heternesto@att.net
hgs81mwl2c72yo,6vCoRI0Mz<dZ1lC42Qu_D75npfSxb,Deangelo,Fitzsimmons,male,sparsemarcelino@mac.com
gom3b8u2q,sKJ?d7Hmc^>Llq86SZCy75,Jane,Batrez,male,toughbob@gmail.com
gy89ds6,6rdOJX\xhARX=n_EEt>rwHTtDupRCR,Dara,Annonio,female,grouseinell@gmx.com
z4l98pnkk86e0u0xs2i90iwl1,s`DKsy,Talisha,Puz,female,mannedsherita@aol.com
j0jlap0s6jn328zhj2ax0f,g@J1^\7LphXL7LVcYgp1J=6=jUW3=>W,Lesley,Zuvich,male,blearkeneth@mail.com
z5lfns2klf2,2SL2Ic2VWJ,Meghann,Longbrake,male,trimsyce@mac.com
k5m2cpm5n78pr7dprd8n5aa,1N2G7c<GIJRQ6Nc\]O6AeISC<gkhRH?I,Frankie,Grubel,male,shrillsabatino@yahoo.com
a7yphs,LJ>FV73odbactQ=vE5hy?kP4JOtJ_D0y,Willia,Fett,female,sleeklavonda@yahoo.com
tw16a24kal93465y2753qsy3,CTl0v>@[IpGNky_G\,Laura,Keaffaber,female,gaitedcavins@email.com
b92y4h29rxv1,_oneMBzsqXsG4b3],Davina,Gambee,female,almostshaves@mac.com
m0uwz599rk382u4fo4mkpd,TTc0ANwcyx8UO3SLKj_cM]J\j,Carla,Struiksma,female,bonkersorlikowski@hotmail.com
g0s5197346s5,ZPi1L^0y8ekP\NlLZe3hho5bb>Nw,Lien,Greenup,male,interalexa@live.com
h68pyc8k19,<dl>5sJhF,Chester,Westbrooks,male,dangvervet@yahoo.com
e376lc31hf27879dam37b4,8ZOYZFybtx9XDd]Zk48P,Wally,Ruthenberg,male,metalpellerito@verizon.net
c743ak,?uik3[7yMSzVa611?B9Eu`SjmVCaxvA,Jeannine,Clinkinbeard,male,scorchedrolanda@yahoo.co.uk
d840mp4xe,[MIzv4cTv,Bernardo,Sheriff,male,dinktamika@mail.com